user_id,p_buy,m_spend_if_buy,clv_T_2stage,actual_clv_T
8,0.15620819907798472,15.247915887185155,2.3818494804297847,0.0
19,0.2412850894707547,10.504526326647484,2.5345855745730366,0.0
130,0.5417468417257525,22.210060595643014,12.032230182227188,0.0
150,0.12694452026066208,10.573046021333326,1.342190254872061,0.0
165,0.5692268017165429,28.092126167776865,15.99079113190123,0.0
196,0.2867811141940588,23.624632156534258,6.775098332275684,0.0
236,0.5483439681359679,25.72231891250587,14.104678422142323,0.0
264,0.07558574835637881,11.342233657558893,0.8573112190394965,0.0
309,0.26644988308897455,20.961704554571075,5.585243727911088,0.0
422,0.24625643215960563,24.771931658614587,6.10024750795201,0.0
431,0.02762179958325411,20.74819009606714,0.5731023485488245,0.0
468,0.46412225977329563,21.915884569730736,10.17164987143413,0.0
506,0.4673387812632009,22.705430482963056,10.611128209964285,0.0
517,0.5211532762861325,27.031423707202357,14.087515027687143,0.0
532,0.08273932655293709,10.314242000959535,0.8533934370634102,0.0
647,0.8425079172234996,17.694598660447053,14.907839463518972,0.0
716,0.3969545859579628,23.681029710278295,9.400293343701737,0.0
761,0.507340726040356,29.723815019145864,15.0801018925027,0.0
763,0.4872085166657976,26.278169928507406,12.802948191559862,0.0
833,0.7105663964517628,29.281864065646705,20.806708630516944,0.0
852,0.3827001175999299,21.602449817700773,8.26726008568067,0.0
853,0.3714485379233867,23.930930331321107,8.889109082715654,0.0
873,0.41068468768053884,20.459321531912092,8.402330073489042,0.0
932,0.4876721425452081,25.24626099023521,12.31189818836351,0.0
970,0.3504555202048616,22.329539972756216,7.82551054708753,0.0
983,0.40151938136904686,21.26852695524447,8.539725785700657,0.0
1112,0.30143068866741984,22.07381052618706,6.653723908422707,0.0
1118,0.4188784621421696,23.107964446424106,9.67942861055406,0.0
1143,0.46599479451367776,24.66206516594989,11.492393989289749,0.0
1246,0.4887887530255775,23.16816492406072,11.324338443122562,0.0
1255,0.4485647012049649,22.10948532721165,9.91753467959625,0.0
1468,0.6563716108052409,28.88982822163753,18.96246308572293,0.0
1510,0.5400474832570809,23.00164325138964,12.421979548690194,0.0
1642,0.8311105850290544,15.567409044902353,12.938238438695388,0.0
1657,0.3514480681195316,22.9962798577213,8.081998129932249,0.0
1667,0.3422966608988333,23.026203972863993,7.881792733086795,0.0
1826,0.08691226359261157,15.52135468601011,1.3489960697849275,0.0
2044,0.07810808106785144,17.68479590382154,1.3813254721241002,0.0
2056,0.05676476383894289,16.128306247303605,0.9155194952503364,0.0
2100,0.8204513697305817,28.833042809172778,23.656109466286306,0.0
2109,0.8152580365055171,14.91691124093422,12.16113176901111,0.0
2117,0.5535347534798529,24.277669486417466,13.43853379422944,0.0
2206,0.1529814766596922,18.550603990243697,2.837898791356659,0.0
2223,0.38451621255761725,21.166820815819584,8.13898577198468,0.0
2332,0.20979751619803721,24.49151914473326,5.138259884481715,0.0
2360,0.2720152760089023,24.642521160415157,6.703142195005544,0.0
2511,0.11095842433498869,24.7831956462026,2.7499043388883924,0.0
2769,0.5215679951773304,21.05919402782161,10.983801609141327,0.0
3055,0.131941264066055,20.244674883492507,2.671107994734316,0.0
3125,0.5125172072103857,24.50243057875629,12.55791729009053,0.0
3177,0.3951807225853316,21.493059810117217,8.493642906331871,0.0
3204,0.344948134934044,22.462010399743175,7.7482285942605085,0.0
3222,0.904691676586552,29.79018538098619,26.95093275814859,0.0
3415,0.46296013251506063,23.04547714669824,10.669137153708219,0.0
3418,0.5318010991615261,24.71408196402469,13.142975953236377,0.0
3423,0.2954402214649852,23.13000558866581,6.833533973601773,0.0
3572,0.8077696052441463,29.600264541090805,23.910194003479223,0.0
3685,0.3781450627961679,28.824359828350893,10.899789357351088,0.0
3686,0.7667862301383627,18.300711446603525,14.0327335389911,0.0
3717,0.4848434677581258,21.282183118478137,10.318527464626385,0.0
3749,0.7294695877752119,28.018392415883408,20.43856516573859,0.0
3838,0.5451217496374424,20.839234759903892,11.359920113424216,0.0
3866,0.12427411183380681,14.159997044982294,1.7597210563345036,0.0
4038,0.14584542954159838,14.103726255857051,2.0569640139225904,0.0
4051,0.21317982735688445,22.340297814252118,4.762500831143649,0.0
4140,0.8814289038911456,36.557798159921475,32.223099960773325,12.229999542236328
4236,0.5659140400619008,21.381682368933077,12.100194252723233,0.0
4263,0.5289814785667284,20.194205009212588,10.682360424252908,0.0
4440,0.39651650832400387,21.799987929954153,8.644055095490849,0.0
4488,0.3457275309692826,20.435747523834905,7.065200534927072,0.0
4543,0.3580224349687681,14.64423855482079,5.242965945660453,0.0
4552,0.33490630413537775,23.1900991233624,7.766510389938365,0.0
4560,0.19549578870237228,21.405182861889365,4.1846231059035635,0.0
4567,0.17264303154223734,9.276625134193594,1.6015446856480964,0.0
4574,0.3596273791373455,24.42919445128755,8.785407174953125,0.0
4609,0.4081611338204745,22.101361348304533,9.020916706899989,0.0
4623,0.49630353653638754,27.898588401421097,13.846168087998333,0.0
4763,0.11673188245878668,11.1567373315505,1.3023469508101104,0.0
4770,0.33552686488783195,24.280840187537073,8.146874184966792,0.0
4827,0.9251198981458989,13.076599606168472,12.097422495753278,0.0
4923,0.367492961743836,22.36842796160335,8.22023984116325,0.0
5018,0.4406461363343649,22.954041539560535,10.114609717665866,0.0
5165,0.11544229521380117,13.732353139516169,1.585294365112195,0.0
5191,0.3270989424184155,23.861019937534483,7.804914386592255,0.0
5193,0.6350331338338749,19.437957045788632,12.343746778115404,0.0
5196,0.5250942925529611,21.91560855582856,11.50776097049042,0.0
5203,0.34148125908777094,23.012307849373,7.858271858919286,0.0
5217,0.7756093715811889,15.20669576029529,11.79445574246896,0.0
5238,0.5644978097496459,17.31799767224111,9.775971755229573,0.0
5259,0.3449422098674586,17.21317128671119,5.937549342465244,0.0
5359,0.5036194136607945,25.34592475474334,12.764699763674459,0.0
5361,0.012417051754850224,15.318087600043079,0.19020548651506436,0.0
5468,0.5011540613729858,31.146310225335363,15.609099866209773,0.0
5474,0.30352981105007654,22.56091251937406,6.8479095141229145,0.0
5477,0.6604367844097294,18.153767014842565,11.989415512206037,0.0
5581,0.17930082382341817,23.358678507767376,4.188230299869063,0.0
5701,0.5020726433578401,23.738117689139223,11.918259496525632,0.0
5742,0.3363191681176414,23.568004007778747,7.926371502089387,0.0
5747,0.5146226978507514,17.718636195331214,9.118412361077324,0.0
5777,0.2885842631676385,24.792620402849515,7.154760090951289,0.0
5783,0.7550510533184182,24.038073745850973,18.14997290155059,0.0
5894,0.3454632709759435,24.00771501031252,8.29378375612082,0.0
5956,0.4915691405703097,24.220479400954385,11.906040243328038,0.0
6101,0.7954816080398573,15.059104075052726,11.979240325262511,0.0
6110,0.4797618227941474,22.546973451042987,10.817177081363631,0.0
6194,0.08829512187243316,15.05048160570598,1.328884107614623,0.0
6259,0.19128418409852269,21.335305785241193,4.081106559622352,0.0
6379,0.4937648040378795,20.316097410062724,10.031373856494092,0.0
6508,0.11204256527117108,15.386888494036421,1.723986458413307,0.0
6519,0.3672470381425262,22.035137846346814,8.092339109133151,0.0
6572,0.35945086159742196,23.900614326226574,8.59109641226983,0.0
6609,0.8425857763830462,15.11478352154881,12.735501608365878,0.0
6764,0.3712989758371199,22.364961120943367,8.304087158843277,0.0
6825,0.27289227727389204,22.340440690625638,6.096533735367152,0.0
6870,0.7162165905405243,28.441915050947784,20.370571426233045,0.0
7063,0.3345406726617272,20.440061982257482,6.8380320847918155,0.0
7110,0.1278952867522788,21.04444432128968,2.6914852410137087,0.0
7137,0.3350763132837422,23.574194832874294,7.899154293232164,0.0
7147,0.4936012174908955,25.824240599794457,12.746876600836359,0.0
7154,0.20983321988068118,23.34484212052641,4.898523389756205,0.0
7163,0.13861215683631614,20.23407526344864,2.804688813854968,0.0
7179,0.4877361656667056,24.916014079781377,12.152441170970219,0.0
7218,0.6381585758386206,25.014686183683246,15.963336510029318,0.0
7227,0.512259724553896,22.99080324057827,11.777262535291444,0.0
7232,0.3259547730820245,22.980765401725993,7.490690171770835,0.0
7268,0.3577875768303461,21.88884243387508,7.831555894037421,0.0
7302,0.46970097838203834,23.449578066662564,11.014289760557393,0.0
7312,0.4953429243050792,27.022203811229144,13.385257457022101,0.0
7326,0.3618304329826264,20.401012561818877,7.381707208526925,0.0
7465,0.4289148210337719,22.755738589381043,9.760273544555666,0.0
7469,0.8863102757308159,23.712625025032136,21.016743224237675,0.0
7534,0.509784302620868,34.29116850746229,17.481099423631335,0.0
7563,0.4115318673356369,23.359431994153745,9.613150668453912,0.0
7582,0.7125109096309633,23.320588474941648,16.616173707410034,0.0
7705,0.45369267055030327,22.54327648028864,10.227719309295994,0.0
7784,0.37234736903466015,21.676359930558785,8.071135590391892,0.0
7933,0.2839515918809208,23.94889138577585,6.800325832774323,0.0
7948,0.40081976120172563,22.64472543943885,9.076453443114522,0.0
8036,0.18598684706051366,23.21939750081057,4.318502531820529,0.0
8188,0.08099923289016496,14.198201674394754,1.1500434440458307,0.0
8283,0.473900553366995,21.184874852894097,10.03952391579705,0.0
8304,0.20788647471778215,22.872662965356852,4.7549172712760095,0.0
8313,0.32324884165688583,23.263408784163197,7.519869942471376,0.0
8332,0.5621046119995412,23.17666753636922,13.027711712973183,0.0
8393,0.19970467085369062,12.686323721096006,2.5335181030648455,0.0
8435,0.40846294104960185,22.759838361569216,9.296550514980114,0.0
8445,0.09716245922584124,12.701765964924634,1.234134817663168,0.0
8700,0.22423496826982087,22.656259189451784,5.080325560459558,0.0
8927,0.4144969275029432,10.90050364189005,4.518225267798068,0.0
8952,0.4780424566369027,29.787255924468166,14.239572998604896,0.0
9080,0.43033333021925324,20.67429917375857,8.896840013392682,0.0
9149,0.4128593246728901,20.64537776991481,8.523636723703726,0.0
9296,0.6258708609802784,29.308866125520122,18.343565276334996,0.0
9326,0.46059314483488867,22.961467378068836,10.57589446968843,0.0
9412,0.09494158933026159,9.819767881893775,0.9323043695612514,0.0
9531,0.31650187131038376,23.041614304393942,7.292714045352789,0.0
9555,0.39283716301437527,24.347266305579133,9.564511022639197,0.0
9597,0.08084240388263644,15.843634200167358,1.280837474978681,0.0
9672,0.49645768587031447,21.69231130901056,10.769314673649834,0.0
9674,0.24049522965348075,22.069228970121227,5.307544289444555,0.0
9712,0.527118901017364,21.800725652639805,11.49157454740055,0.0
9741,0.8814472328758844,29.98317826631846,26.428589515670765,0.0
9758,0.5287264362938187,21.332262825842143,11.278931301990623,0.0
9774,0.22155501556147636,23.970227687876026,5.310724168399505,0.0
9851,0.33685974020166587,24.052563573990906,8.102340316718628,0.0
9881,0.03682631929593243,19.84328089885179,0.7307549982599931,0.0
9884,0.3483052485277568,24.230808545088674,8.439717792325604,0.0
9901,0.5237972321218882,21.37539635690228,11.196373447253707,0.0
9911,0.41345337164746954,22.66983183302349,9.372918406044697,0.0
9914,0.6234414352973027,17.554693022289065,10.944323014019439,0.0
9963,0.7250403364539368,29.045318238905907,21.059027308348007,0.0
9965,0.4129394327227888,29.229993409706715,12.070216897095147,0.0
9987,0.8133348505721711,16.54600749845308,13.457444536320358,0.0
9999,0.7082823568937497,18.280344472374637,12.947645467723138,0.0
10111,0.27143020227358444,24.420625748780637,6.628495386639033,0.0
10138,0.12589831424432443,18.926222398689085,2.3827794950081302,0.0
10170,0.28180843723486376,24.347601144413307,6.861359428924895,0.0
10268,0.13913480145259405,10.809156660218258,1.503929865789452,0.0
10284,0.8192309510977732,25.53342131015746,20.917769024700448,0.0
10429,0.163517186157921,22.095458137274278,3.612987141477228,0.0
10434,0.34720440950424303,23.54357165238358,8.174431893186677,0.0
10590,0.38402359444057943,26.676061195865667,10.244236905953196,0.0
10592,0.2232013146588971,20.794014988776727,4.641251482531777,0.0
10689,0.24874822456488843,24.900211895278588,6.193883500240064,0.0
10715,0.44876362523757385,23.131346800033228,10.380507046610465,0.0
10735,0.35893795302419673,21.718208544722717,7.795489318395391,0.0
10737,0.23373507884674402,22.285683860118105,5.208946074198316,0.0
10785,0.2966672166250607,16.769857457868195,4.975066935224773,0.0
10799,0.5079617503267729,17.6943636321792,8.988059921520142,0.0
10840,0.811750892296502,21.891730753291736,17.77063197289934,0.0
10883,0.3154275901206112,24.450135400840573,7.712247287609786,0.0
10899,0.34904632198374097,24.359984700498348,8.50276306328915,0.0
10926,0.7722520858095193,17.951153842742375,13.862815997745367,0.0
10932,0.5352791710581679,20.328335998404906,10.881334842218093,0.0
11019,0.22457083672042974,8.287186093525207,1.8610603150808653,0.0
11029,0.5975777299181959,19.59697443563599,11.710715496512274,0.0
11068,0.45346896459894037,22.588666352239876,10.24325914242114,0.0
11080,0.4132805392229641,26.775252518232197,11.06569079856603,0.0
11105,0.7095114329680845,23.086596490432438,16.38020415828267,0.0
11128,0.4627286457175609,20.07798336431264,9.290658050908105,0.0
11291,0.3252942573891896,24.120472289864036,7.846251121407847,0.0
11528,0.1569833491155643,10.211678696771113,1.6030635219111904,0.0
11573,0.32427505926501227,20.99848266444917,6.809284210489587,0.0
11632,0.44840376174819135,21.53044483775754,9.654332457362408,0.0
11669,0.33823064826369353,21.664814700402175,7.327704320629825,0.0
11811,0.6008046977648948,26.853771708806516,16.13387219535698,0.0
11930,0.2271541286946252,21.521484635863118,4.8886940906742495,0.0
11932,0.2834680734701671,23.03345684714986,6.529249637819801,0.0
12011,0.13035363847892822,10.353106244422696,1.3495650685194105,0.0
12043,0.3065596001429745,19.478276728312608,5.971252725305718,0.0
12068,0.5827365549861523,14.904242456620386,8.685246903849311,0.0
12157,0.6146469192434534,24.509534055356948,15.064709599217652,0.0
12163,0.44906495664750123,22.005368055090415,9.881839651671486,0.0
12242,0.6460102749295576,17.71710905658118,11.445434492598963,0.0
12262,0.24728801701697906,24.58655677166729,6.079960869340982,0.0
12277,0.34165004467624605,24.599619291876692,8.404461030088315,0.0
12297,0.6624718888885334,16.59472790467081,10.993540740598524,0.0
12312,0.23900076214780278,23.887004506906603,5.709012282578678,0.0
12320,0.5316995376776018,16.801754074488276,8.933484873578179,0.0
12322,0.6531378822565902,16.121169693317718,10.529346632992658,0.0
12464,0.11616777149825713,15.09725760984096,1.7538147722703283,0.0
12470,0.3381681048779364,23.945921332701985,8.097746836635979,0.0
12522,0.06941861963700946,15.485837262157794,1.07500544666236,0.0
12523,0.2942991640317383,22.576024599061437,6.64410516666374,0.0
12568,0.6605201912256025,20.816337893648132,13.749611486129218,0.0
12715,0.5060295623551878,21.68444886951385,10.972972171353542,0.0
12788,0.4126152148113398,21.551103957163065,8.892313388706352,0.0
12866,0.28531086174342873,19.630722477812373,5.600858346790745,0.0
12960,0.3961950121882404,12.407432948674197,4.915763048324749,0.0
12966,0.45333742192171866,22.41949153167865,10.163594491767002,0.0
12976,0.4011164220810833,27.46819732164959,11.017945030677279,0.0
12989,0.663128640980122,12.845268805346516,8.51806564591379,0.0
13018,0.147649793688357,22.58691448874459,3.3349532643197004,0.0
13127,0.46952150610591253,25.3392912638903,11.897342197878165,0.0
13187,0.47381092161920324,23.839278482035578,11.295310508310118,0.0
13386,0.43864957996341375,23.120014751492615,10.141584759490165,0.0
13390,0.6393190636262353,16.90421758712985,10.807188559137993,0.0
13400,0.5906394619035805,20.46962314144838,12.09016719763415,0.0
13519,0.3867368591391289,23.276823627834354,9.002005660564123,0.0
13602,0.4018238002515049,22.333031953963964,8.973943770880092,0.0
13604,0.46931904192168644,18.661508419321464,8.758201252169435,0.0
13777,0.27869488128667685,23.88279985678062,6.656014070878937,0.0
13782,0.6472559824636013,21.576763698705417,13.965689386190542,0.0
13838,0.1771871472271591,14.858062145670297,2.632657644915162,0.0
13844,0.3685978212829114,12.614650441477915,4.649732668974276,0.0
13859,0.6021105111464209,15.460263741047465,9.308787303580566,0.0
13861,0.7811713247472833,14.638783855762483,11.435398177295124,0.0
13868,0.5872564591447446,26.707758226864605,15.68430352800243,0.0
13898,0.43718174396443066,25.002754124894953,10.930747652235437,0.0
14040,5.694381936476227e-05,21.3005687271423,0.0012129357379650953,0.0
14053,0.5537881367881156,18.72205773052064,10.36805346742456,0.0
14084,0.2885938817554435,23.913369986243012,6.901252270183987,0.0
14125,0.4129298601145886,21.98589910355426,9.078634241324119,0.0
14168,0.14737816235750092,9.65398143702835,1.4227860436226643,0.0
14175,0.20850121058459328,21.552788484427563,4.493782490476828,0.0
14209,0.1261215334450715,9.727440745246705,1.2268397432865834,0.0
14246,0.3504070244321738,22.58889823051353,7.915308614155442,0.0
14257,0.6494173196201998,18.497167583892715,12.012380992897253,0.0
14290,0.5851706635973497,34.5882125599437,20.24000729634844,0.0
14337,0.1906443845802206,24.450366190882992,4.66132501522192,0.0
14475,0.3916161235372359,20.568999545583605,8.055151867080617,0.0
14532,0.34223790697802164,24.181356636735902,8.275776883245587,0.0
14548,0.026510244171472533,21.395859670762327,0.5672094641304712,0.0
14563,0.3133784264731228,25.25969200365035,7.91584253329967,0.0
14595,0.4184459780638354,21.638573742746644,9.054574153690046,0.0
14620,0.26056396916874214,24.902387592392316,6.4886649528521785,0.0
14636,0.2705719772200618,24.172414554624233,6.540378000227679,0.0
14672,0.3168627533734528,22.891782116075216,7.253553110924759,0.0
14680,0.33693373171303526,23.65462779453578,7.970042015095825,0.0
14700,0.6638160182804476,20.884263854002235,13.863308876282037,0.0
14753,0.3415747436551698,25.16348563634853,8.595211155706297,0.0
14779,0.09724991788196062,11.272582121797653,1.096257685662479,0.0
14972,0.45727951701701836,22.679729940579456,10.370975953304583,0.0
15016,0.2693516236831097,23.334845535291546,6.285278533325341,0.0
15018,0.48482297437608224,20.537992230127493,9.957290480723278,0.0
15116,0.1666002759512948,17.262757983835467,2.8759802437874065,0.0
15163,0.43339508874309246,22.661605021123183,9.821428319190591,0.0
15165,0.022880147430111054,21.32773935258572,0.48798182073814256,0.0
15248,0.5041646823415763,23.59373628973843,11.895128561766898,0.0
15293,0.017870217073244654,20.32365546385213,0.36318813486087237,0.0
15338,0.5763185443086234,21.34643583519592,12.302346826717546,0.0
15473,0.38641782739833397,23.042596653871826,8.90407013660527,0.0
15551,0.8476400103186558,17.045976264515893,14.448851496745814,0.0
15604,0.284298065609237,23.81620931186768,6.770902237508679,0.0
15639,0.14835877634690472,9.76153797377295,1.4482098290527987,0.0
15671,0.2246320290818526,21.279736115774234,4.780110302012747,15.149999618530272
15683,0.19161391567725242,7.659101672476857,1.4675904620334834,0.0
15692,0.5130521216873015,24.506579296111017,12.573152503167854,0.0
15766,0.29381848963764695,20.685984570948225,6.077924743303676,0.0
15777,0.3887720272614654,21.574013450337585,8.387372945253865,0.0
15799,0.2759289033848928,19.7744309420845,5.456337044909668,0.0
15822,0.4452076908571111,26.986182705307982,12.014456087278274,0.0
15827,0.3861062595354794,22.469979466592648,8.675799723685113,0.0
15839,0.3525503246779714,22.800548336033213,8.03834071870429,0.0
15841,0.3247993350485903,21.990716702929618,7.1425701623534685,0.0
15895,0.4136568157013772,20.618180788000117,8.52885101031944,0.0
15990,0.6834699492824488,15.64378789946001,10.692058922229318,0.0
16020,0.697283742129718,22.720468138211068,15.84261304635084,0.0
16063,0.36659456068751567,23.652153416410684,8.670750791002797,0.0
16091,0.7110569682706611,20.019571196347233,14.235055600953315,0.0
16116,0.864933331376123,38.83619224841672,33.59071713938664,0.0
16137,0.06649179251396935,15.378832130050005,1.0225661150984502,0.0
16180,0.36775457764789976,21.398047295673933,7.869229845710351,0.0
16193,0.4345117225971225,23.733303919161102,10.31239876883573,0.0
16227,0.5425633917214278,18.65965680966675,10.124046687010628,0.0
16237,0.4944727651357855,25.255970397454227,12.488389518616735,0.0
16359,0.808345853386096,34.86578438395365,28.183612231822636,0.0
16499,0.47079611070131094,22.602409272571123,10.641126378005731,0.0
16524,0.5385417695881134,21.062795271301784,11.34319503787901,0.0
16644,0.3466918842376915,13.818626788467103,4.790805758871099,0.0
16707,0.8573044645543699,20.72689476982843,17.769259422522534,0.0
16724,0.1547044435673029,21.378899415438863,3.3074107381468063,0.0
16859,0.3773493717756081,21.95131627505501,8.28331540603969,0.0
16901,0.41140605992467777,20.490162696464306,8.429777102167991,0.0
16928,0.8086081005712061,21.344867935631537,17.25963311837426,0.0
16991,0.6909436388487713,26.447154523054667,18.273493183355132,0.0
17028,0.26403625354044213,24.72787946739503,6.529056652570608,0.0
17102,0.028924769398245346,19.1231056837894,0.5531314220818833,0.0
17204,0.3359567649500797,23.493042952499348,7.89264670915495,0.0
17222,0.433377683169523,16.3921912948517,7.104009885434453,0.0
17397,0.49595406567454836,24.51129459635748,12.15647621001008,0.0
17422,0.4447801006116065,26.007336230069104,11.567545625050014,0.0
17423,0.13878231508149327,9.734275215709344,1.350945250076545,0.0
17427,0.37866315168065995,24.18165439578538,9.156701466360577,0.0
17485,0.43828080344373405,24.18539775423225,10.599995559331191,0.0
17524,0.4736479036739813,20.121948792817683,9.530718863553295,0.0
17616,0.5583541020955016,19.834757514265508,11.074818222159722,0.0
17643,0.9126809315849529,28.861924311428055,26.341727967888556,0.0
17792,0.44725969477371436,19.78708014439681,8.84996342584594,0.0
17857,0.8312952837902394,22.73036896641048,18.895648520589052,0.0
17860,0.5007530545424755,20.637541222435843,10.334311805381002,0.0
17872,0.40894800410065263,21.713609063638454,8.879737088396787,0.0
17980,0.07819333128284237,10.759494371519805,0.841320707828126,0.0
18009,0.3737544667946024,23.051535800702577,8.61561447198828,0.0
18020,0.17135828028255173,14.086829464544966,2.4138948716780044,0.0
18130,0.3484271443920454,22.881683905195466,7.9725997819686825,0.0
18210,0.410467718477944,20.20187309966297,8.29221676019961,0.0
18225,0.34154203310587045,22.74707144881408,7.769081029832459,0.0
18381,0.12838651335515114,15.148836449301696,1.9449062931132726,0.0
18452,0.6375903076996938,24.540057982857235,15.646503120258272,0.0
18611,0.4141631854723907,22.354107871621146,9.258248524504058,0.0
18677,0.4302513615180978,21.910480709374323,9.427014156724319,0.0
18734,0.5405331771359101,17.64598812907366,9.53824202711074,0.0
18749,0.353501808680666,26.56963692595543,9.392414709313854,0.0
18761,0.3038941574017599,22.628173515680604,6.876569724088577,0.0
18856,0.16018749244129205,21.809738965971064,3.4936473957580425,0.0
18875,0.07601683826190868,10.383364897256193,0.7893105700091041,0.0
18879,0.7239295697670822,26.273048218982925,19.019836493638117,0.0
18882,0.7334795610748319,21.017033340635805,15.41556438978466,0.0
19189,0.3484208003744228,22.715534713934062,7.9145647859618915,0.0
19190,0.42734061721252825,20.482748606802673,8.753110431840108,0.0
19354,0.45694329860436184,27.23006865241378,12.442597391257182,0.0
19367,0.49536283910020157,25.698747687473624,12.730204615786674,0.0
19392,0.4559572140984519,21.88724024223675,9.979645085153795,0.0
19395,0.6049948512478603,22.19349629202486,13.42695098786352,0.0
19413,0.11566634760314487,15.943830888817049,1.844164685711671,0.0
19428,0.6217154210964335,22.684355263879315,14.103213485183826,0.0
19440,0.055216129151243826,15.470312045055156,0.8542107478898084,0.0
19525,0.4046761353838919,20.079709495891215,8.125779238428494,0.0
19559,0.6969031279784939,14.926054992116564,10.402014412385046,0.0
19618,0.2072046450790091,20.463054657575984,4.240039977555396,0.0
19664,0.14243171114474962,20.123993845457548,2.8662948784749287,0.0
19752,0.31479770932266377,23.515492225823646,7.4026230862841915,0.0
19849,0.9101827469504052,18.640565053017205,16.966320704662927,0.0
19857,0.5983939860099358,20.8854598947727,12.497733596083691,0.0
19886,0.40970262791222145,21.810377050318948,8.935768793272079,0.0
20050,0.10601175641416635,10.04299485184543,1.0646755239025645,0.0
20075,0.025422824978811057,17.90872961778028,0.45529049866567795,0.0
20144,0.5948351576529176,15.788741480306122,9.391698527579052,0.0
20273,0.3256857780872753,21.676535365529197,7.059739286758717,0.0
20376,0.30290910930727416,22.32952693494825,6.763817115117963,0.0
20382,0.4143182623329451,26.01364637221771,10.777928761880963,0.0
20452,0.5096117174435933,19.562574745404067,9.969317313624032,0.0
20462,0.2988013017774827,22.51127851372331,6.7263993245760005,0.0
20536,0.4737626547282326,24.828598469788865,11.762862724228507,0.0
20572,0.34464299052355946,21.428654067002192,7.38523542054647,0.0
20670,0.3696045114997218,26.061165706575373,9.632324420092093,0.0
20772,0.34812495733586835,22.376827633715056,7.789932165299134,0.0
20897,0.523957299245767,23.767827154865646,12.453326525003606,0.0
21013,0.44713808965421226,22.925796361567183,10.25099678891264,0.0
21018,0.12681461591901333,9.154781227380063,1.160960065172796,0.0
21020,0.5844605119404169,16.875976431485594,9.86334182464048,0.0
21095,0.42368757005119295,21.83635412376299,9.251791817474489,0.0
21148,0.3015798909146472,21.362112636891588,6.442383598740172,0.0
21245,0.8191492834031067,42.53942803621337,34.84614199224221,0.0
21249,0.47507804063145553,23.787110578815046,11.30073388606722,0.0
21277,0.3640546943578618,23.734919331251504,8.640808802747273,0.0
21355,0.11648253511405911,20.561727937757738,2.3950821965155957,0.0
21442,0.4198467079498595,27.221240505195784,11.42874821241782,0.0
21637,0.27567806942646333,18.733504484745595,5.164416349946658,0.0
21841,0.522296440976186,9.30195404526076,4.858377491963731,0.0
21953,0.1357075770156655,16.176124036627726,2.195222598515615,0.0
22035,0.37080566302191137,24.360649833508962,9.033066913158905,0.0
22074,0.32435174244345105,23.772932764516675,7.710792165161991,0.0
22096,0.4993393894153525,18.32967036166383,9.1527264065779,0.0
22270,0.4000409641197499,22.11644505411479,8.847484002349555,0.0
22314,0.3634038973948963,25.13429240220548,9.133899817224403,0.0
22400,0.685567548547279,24.559844830608682,16.837432613221957,0.0
22451,0.2801056103177354,22.972416227790838,6.434702667958401,0.0
22593,0.34585507192137993,25.087803591386393,8.676744115448395,0.0
22649,0.07492403147676208,10.608790494510536,0.7948533529410817,0.0
22703,0.8979827884916711,21.676074891700186,19.46474217480323,0.0
22775,0.4755832845735853,21.05533380512635,10.013564808835234,0.0
22777,0.12463636683862277,14.166566612509582,1.7656693931605298,0.0
22781,0.3238132691250799,22.244094488655783,7.2029329550988015,0.0
22857,0.2680481440966322,23.793804393607743,6.377885108704849,0.0
22986,0.525066781428582,24.088963863600018,12.64831472380988,0.0
23010,0.646224996814977,28.015247483170537,18.104153215582674,0.0
23102,0.24600712990396778,25.183999197007303,6.195443361959596,0.0
23135,0.49802362883395584,20.1870541220113,10.053629949311535,0.0
23144,0.4281220959252829,23.80024381834565,10.189410267042897,0.0
23169,0.7844776464705066,16.474050074018027,12.923524029902936,0.0
23198,0.6588551577594598,31.05649920430496,20.461734682708883,0.0
23219,0.6562748076796905,18.56788990915798,12.185638379150319,0.0
23238,0.4813048892876649,22.454458978332415,10.807440892580695,0.0
23299,0.719995860694904,16.458517347755436,11.850064363559182,0.0
23322,0.5470666010599173,24.706284313181758,13.515982984032298,0.0
23559,0.3454439877651625,17.012426486338306,5.876840447002376,0.0
23598,0.5216841583458736,22.87641435575342,11.934262969152682,0.0
23607,0.5244965358526918,18.320238232522847,9.608901488954276,0.0
23635,0.4325806074827644,23.77251949165874,10.283530923097596,0.0
23688,0.15101591643199958,20.787215877313198,3.1392004557822646,0.0
23727,0.0029782439762558975,20.03833908147773,0.059679062663584186,0.0
23763,0.525845041019063,21.753610492968047,11.439028201987503,0.0
23869,0.2939351622413733,23.386575326346613,6.874136812819789,0.0
23888,0.5762113502608482,33.204842881616635,19.133007352015635,0.0
23905,0.35295431843699593,23.311946897621162,8.22805232868932,0.0
23981,0.5676273629197658,20.614334830626458,11.701260518253573,0.0
24025,0.11700049267721821,16.303071098765784,1.9074673507073139,0.0
24196,0.007490618944285896,10.998547854688075,0.08238593091996149,0.0
24236,0.3612547459260972,20.891324682343413,7.547090190179572,0.0
24300,0.45182416952903204,20.864121823459566,9.426914515837172,0.0
24521,0.16129590091878612,12.958328740751522,2.090125308641316,0.0
24584,0.117355955782627,13.79308718764808,1.6187009300995472,0.0
24636,0.8509886022861295,20.72887995859196,17.640040582919134,0.0
24680,0.21972382827803116,24.32891448623359,5.345642228764094,0.0
24688,0.7225918013802258,23.361538814420886,16.880856414926452,0.0
24694,0.127801960929194,13.784118558007277,1.7616373813938238,0.0
24736,0.38451450701623463,23.939276132861092,9.204998960552595,0.0
24740,0.43317499656800096,26.8481289403883,11.62993816160995,0.0
24791,0.7768484647939932,22.301544930257894,17.324920941605107,0.0
24810,0.2771688622283297,21.505834546081783,5.960747692408195,0.0
24818,0.3709901971199357,22.677599026618118,8.413166933091917,0.0
24860,0.8474112901238504,20.61964164549679,17.47331712870191,0.0
24976,0.3547291503731854,21.30889698330627,7.558886922277967,0.0
25024,0.4743043244972816,25.86991965443574,12.270214766496093,0.0
25251,0.30899219479673334,22.690419182759932,7.011162424138892,0.0
25309,0.7598464822188131,25.223836941030303,19.166243767702824,0.0
25316,0.49259882738272204,23.90597741962232,11.776056444343787,0.0
25367,0.12688680944369068,14.369975385566734,1.8233603284589317,0.0
25378,0.44213695919972984,19.309547060353438,8.537464420788751,0.0
25446,0.8557835689806174,25.65941039014346,21.958901801615305,0.0
25459,0.7318941690690025,15.37190183061291,11.250605317326714,0.0
25509,0.1340983315250733,15.029838179793867,2.015476223002202,0.0
25676,0.3161199170871185,24.220316677353203,7.656524499868648,0.0
25750,0.6862272814421319,29.535452165952158,20.268033046005474,0.0
25799,0.5713396946224886,22.68598604380882,12.96140433847977,0.0
25841,0.6053604623693826,28.244344369716366,17.098009366971567,0.0
26156,0.5069043963785757,22.45232498462967,11.381182243629315,0.0
26162,0.19998992022159195,20.399738715752665,4.079742118304696,0.0
26176,0.3124878059629673,22.337116520727424,6.980076533101263,0.0
26219,0.592804392497665,18.56319931112876,11.004346090446758,0.0
26245,0.5336151891882969,21.20030156901566,11.312802932599238,0.0
26328,0.4483060000453902,22.798207110164736,10.220573037764327,0.0
26339,0.6372886473448766,21.1778625497135,13.496411377962634,0.0
26344,0.4885109900246644,23.813111957714323,11.6329668980312,0.0
26457,0.46993997544049476,24.52495297890125,11.525255800584143,0.0
26486,0.4012083197008182,23.940922681761574,9.605297361236767,0.0
26535,0.4162099267331458,22.387653835175723,9.317963762465517,0.0
26541,0.5492725533071924,18.983492628177878,10.427111466567528,0.0
26552,0.5139490098943911,36.15141563221485,18.579984270457434,0.0
26576,0.6237343059798609,23.125140125039334,14.423943226578443,0.0
26595,0.37687054854457436,24.98422647209048,9.415819135498616,0.0
26599,0.6123626424820914,17.435623452555475,10.676924450729596,0.0
26640,0.2091017940046698,25.256363716154468,5.281150963082348,0.0
26696,0.48074394276305077,25.605106076428733,12.309499650048497,0.0
26753,0.4995234067754587,19.171329502890377,9.576527825698662,0.0
26773,0.12233479668130783,15.967697463172152,1.9534050226258,0.0
26909,0.460432207186033,22.891912546242953,10.540173820376284,0.0
26963,0.38281809274959744,21.907984064397972,8.386772675521405,0.0
27072,0.052346674350562256,15.2159611180231,0.7965049615759724,0.0
27207,0.45265399518222704,24.648975987760874,11.157457458010741,0.0
27346,0.497043646078361,21.017991444875953,10.446859101004943,0.0
27440,0.36904302286410384,22.847670742633227,8.43177347626511,0.0
27505,0.4070655585917673,24.650169543894783,10.034235034767299,0.0
27506,0.7572781298764067,28.56176097132246,21.629196934340015,0.0
27576,0.5932253309497959,9.982834119816125,5.922070074544836,0.0
27643,0.605645874230121,10.5934907942512,6.415903993233007,0.0
27678,0.3437562661451175,20.937605187979166,7.197432981440359,0.0
27719,0.5217911451245907,17.38123341106906,9.06937368523952,0.0
27773,0.4175697699760151,23.875634382710093,9.96974315721969,0.0
27838,0.6370094320034227,16.33082044859599,10.402886658110013,0.0
27889,0.3613827692433086,11.45612821909971,4.140047340624666,0.0
27960,0.19897794696836973,25.00582662300004,4.97560804369155,0.0
28073,0.3170819236795667,22.189500593711106,7.035889533742806,0.0
28078,0.670556196417392,32.63657858712806,21.88466000146189,0.0
28150,0.09523379289322964,10.268061979563427,0.977866487976589,0.0
28160,0.18139615591870273,13.84838112947844,2.512043102584492,0.0
28188,0.06730211268006854,15.703115149102844,1.056852825193011,0.0
28190,0.384813185685172,27.381207208971986,10.536649573990307,0.0
28242,0.41787999411911947,20.43178584912141,8.538034550473963,0.0
28304,0.32299500059919173,24.715826474680398,7.983088386998914,0.0
28335,0.42504910171119126,24.066610999688212,10.22949138665015,0.0
28369,0.43843633565142864,21.66508405166338,9.498760063191499,0.0
28446,0.3451778500322352,12.146387118373049,4.192663791179246,0.0
28592,0.3005081206950368,18.933019533040003,5.689526118956274,0.0
28608,0.03383652861561057,19.482320796780048,0.659214105138753,0.0
28675,0.43089096186516157,25.109022730374438,10.819250955785247,0.0
28681,0.2301782973774466,20.16807894664924,4.642254073313649,0.0
28746,0.5217180441761041,21.069277671218753,10.99222233883151,0.0
28767,0.04047894857077973,21.47839931759698,0.8694230213596786,0.0
28783,0.7174385868845218,28.497150020928846,20.44495504125141,0.0
28801,0.06801680631700548,16.43305608212443,1.1177239927343463,0.0
28820,0.7287987512306257,29.20234669978832,21.282633807809507,0.0
28942,0.11187325611593657,16.547541584210585,1.8512273577395015,0.0
28984,0.5504067417071447,17.59064294693786,9.682008468957832,0.0
29108,0.14557553909044116,14.765863474491683,2.1495485354349815,0.0
29290,0.39824419870323063,21.014878290144942,8.36905336550469,0.0
29316,0.35606463747880174,16.188605921222642,5.764190098627323,0.0
29337,0.7742115504505996,33.20667990650515,25.708995135732128,0.0
29353,0.3747145546991065,22.54872074235261,8.449333852005164,0.0
29635,0.8477042627032356,42.2818274570933,35.8424853702607,0.0
29637,0.8131426606801829,32.631977668904725,26.534453144949502,0.0
29711,0.43875670789294174,19.439342782148078,8.52914204269771,0.0
29904,0.27332784068741917,22.78510428450841,6.227803353922346,0.0
29928,0.46489518787565687,20.118525380641263,9.353005636614391,0.0
29939,0.3827175414144418,22.607897894908685,8.652439098888186,0.0
29982,0.621596341233813,18.498094460131334,11.498347836215103,0.0
30015,0.11938854617144866,24.38878324797049,2.9117413748657786,0.0
30025,0.3814291908779714,23.700133205910838,9.039922632430713,0.0
30033,0.37199827323187845,21.77632693916808,8.100756018703363,0.0
30226,0.4594438382652599,21.420328200026844,9.84143780512192,0.0
30357,0.26736913852485006,25.20169686678216,6.738155980635959,0.0
30371,0.23690038294075602,10.792356118000287,2.556713297187279,0.0
30428,0.49893133774430354,20.186654040323372,10.07175430491999,0.0
30432,0.35619162407622923,23.16542295737737,8.251329625601011,0.0
30642,0.855741215022813,22.00553194483871,18.831040643699605,0.0
30755,0.27126520299602985,21.830246963499693,5.921786374007208,0.0
30947,0.6515785956467472,29.335909471257075,19.114650695301798,26.0
31084,0.2599787397907592,25.456578701240616,6.618169250132817,0.0
31211,0.46126541724578557,23.32679037930004,10.75984169731281,0.0
31273,0.08969560054881764,14.368343665708853,1.2887772139875555,0.0
31292,0.4336164050373457,23.02360026479991,9.983410777839419,0.0
31376,0.11667448071320026,14.689879780830537,1.713934095167743,0.0
31381,0.332387547625553,23.800767063863116,7.9110785959644945,0.0
31427,0.305656311606823,23.32253929571913,7.128681338434701,0.0
31477,0.2515213124626028,26.740578956281407,6.7258255150937565,0.0
31519,0.3984100496745527,27.350555802834428,10.89673629603389,0.0
31528,0.13135116929265978,21.940442261580905,2.8819027458567406,0.0
31669,0.51413837823355,24.81075135316977,12.756159463474562,0.0
31696,0.2458554704412828,22.0986020922813,5.433062213492535,0.0
31718,0.6680053584710712,31.449227852807297,21.008252725452937,0.0
31737,0.16775301170321097,21.234352378145907,3.562126563001216,0.0
31794,0.45743042463838907,22.751512147938975,10.407233862997193,0.0
31871,0.1485309490790831,10.302015247064329,1.5301681020736495,0.0
31937,0.818717366953825,23.69187683309589,19.396951018986595,0.0
31940,0.08629760283818909,20.722228336082033,1.7882786308694751,0.0
32062,0.0784430092939309,14.763415692029456,1.158086754340032,0.0
32075,0.34457085609610955,23.915140847509633,8.240460555485432,0.0
32143,0.27674693235092657,23.46443950220681,6.493711651569638,0.0
32210,0.16812383939020273,21.89360518772186,3.6808369622530592,0.0
32266,0.25374160113028765,19.87370475625459,5.042785665242652,0.0
32301,0.8331117681794832,21.606113612971594,18.000307515589565,0.0
32312,0.26756497143592717,22.837039918454874,6.110391933462507,0.0
32341,0.37725582552951104,21.871663369917524,8.251212420321803,0.0
32387,0.6422158080894231,18.06057586112913,11.598787321215374,0.0
32409,0.14220610766560224,9.83459635291459,1.3985396678103112,0.0
32427,0.3027655886097565,21.769465200471398,6.591044945140333,0.0
32464,0.31125303756953393,21.337831681337395,6.6414649259636995,0.0
32529,0.4290270949233026,28.384229660660154,12.177603592948865,0.0
32557,0.45234867838055853,22.582117043004523,10.214990799438182,0.0
32596,0.6339491232214076,20.098575200408305,12.741474126298373,0.0
32601,0.47329220281198753,21.02233095575634,9.949705326292552,0.0
32949,0.37399885899032537,22.46568898629847,8.402142047307148,0.0
33036,0.5999955104426546,29.553963349726867,17.73224532562288,0.0
33040,0.42668882922365003,23.835060719853715,10.17015415302899,0.0
33050,0.6458185489434356,15.631118521709954,10.094866282053582,0.0
33188,0.13511738738835588,23.29123279345752,3.1470505241059783,0.0
33240,0.46421629918597307,18.994920564693633,8.817751727873612,0.0
33328,0.3263926423091348,24.162981434816484,7.886619356576321,0.0
33337,0.1912845674035659,8.14396774941716,1.5578153478958534,0.0
33603,0.045824434971824715,20.050901307423125,0.9188212230884861,0.0
33700,0.445566082380062,27.201236380557386,12.119948329978973,0.0
33730,0.3573083249558962,19.433319482163558,6.943686832504645,0.0
33794,0.4068613498673544,22.820974240208475,9.284972384659342,0.0
33906,0.3503050759219103,23.45058409696136,8.214858642499191,0.0
34052,0.5575861294641373,15.749906831177563,8.781929589417073,0.0
34072,0.5624645130064091,24.27010535912709,13.651072991435658,0.0
34077,0.406813288569562,28.649114246268507,11.65484038112958,0.0
34131,0.48536503454130653,16.827255129494763,8.167361267162603,0.0
34242,0.2728610382492003,24.075702243421944,6.569321110718713,0.0
34402,0.2871611757094954,23.279372962551506,6.684932109706129,0.0
34562,0.49514237041108894,24.46047930463402,12.111419704287874,0.0
34596,0.4511743074298488,21.05577124291452,9.499823007923286,0.0
34604,0.3488040088537124,22.80263636494487,7.953650976526214,0.0
34696,0.518788944937779,25.369692745874865,13.161516133028048,0.0
34779,0.8918318553051084,28.79401885152129,25.6794232540425,0.0
34823,0.22358388992956071,9.940531637039712,2.222542731377203,0.0
34855,0.2993706254026966,24.38425130635399,7.299928563559715,0.0
34906,0.5049148368898662,22.097808826198698,11.15751153910356,0.0
34933,0.08243784377556825,15.368329861455738,1.2669319762100886,0.0
34939,0.6365980019694178,22.8560095237727,14.550089995827685,0.0
34960,0.34460425084839336,21.526701138987523,7.418192719238052,0.0
35260,0.31579190817328956,24.148963859934714,7.626047377736591,0.0
35304,0.36884579468026074,24.99319693515477,9.21863558514742,0.0
35330,0.1562593537484683,21.214915029964533,3.315028912410925,0.0
35331,0.5361666174754092,22.618792933794587,12.12744169868933,0.0
35487,0.24865882268076767,21.07704738418489,5.2409937881381685,0.0
35491,0.1312719549406068,10.157663755349533,1.333416378794079,0.0
35510,0.4018407312199696,23.844139405708138,9.58154641410065,0.0
35529,0.4728546851201377,24.938876798978146,11.792464736030718,0.0
35605,0.5934607468858604,25.62382684499476,15.206735417504548,0.0
35803,0.7991090342283379,26.84401276428534,21.45129311488123,0.0
35872,0.4038624822820483,19.73585162724104,7.970570028127768,0.0
36153,0.3570235274312846,22.858331653976848,8.160962198297005,0.0
36309,0.20795860046846298,19.813803383594482,4.120450821609605,0.0
36315,0.07830819500465985,15.26696838568999,1.1955287374765888,0.0
36318,0.5882671381505788,15.801334067615834,9.295405570917612,0.0
36418,0.5799340351329058,23.644626478958997,13.712323643153042,0.0
36434,0.9124371609800175,29.016591802684797,26.475816645757764,0.0
36459,0.8550178012870181,16.687598006817534,14.268193356550753,0.0
36472,0.499387789997616,26.451063202152906,13.209337995610404,0.0
36727,0.40775220486714203,24.935118568358877,10.167349574871947,0.0
36774,0.4369249720779567,23.116845954724187,10.100327273298292,0.0
36796,0.7923121713012269,22.723802826524096,18.004345557704262,0.0
36805,0.3257918493380135,21.990787167261974,7.1644192196209335,0.0
36907,0.6240169784976619,20.215245737529763,12.614656564721061,0.0
36912,0.3554436456444503,22.83164481189925,8.115363068000669,0.0
36918,0.44133587113685996,23.182667984942103,10.231342970411017,0.0
36971,0.4088814947750975,23.070976722033326,9.433295448026465,0.0
37002,0.3973960520602583,18.89190701919456,7.5075692653174,0.0
37023,0.389119516588826,22.753621787830042,8.853878310725404,0.0
37199,0.2222462161259957,14.440880522313218,3.209431053611705,0.0
37275,0.3371691931679673,25.793884262429852,8.696903145431403,0.0
37318,0.35440983704013446,24.005138726218238,8.507657304084827,0.0
37372,0.2870967650570212,23.340858125692048,6.701084861541074,0.0
37402,0.45249808337114134,21.67023876279184,9.80574150635832,0.0
37524,0.4717162257297383,26.625761637316682,12.559803786734683,0.0
37529,0.3301213718639713,19.96075275119432,6.589471081661808,0.0
37531,0.3952093891063054,22.019768887323238,8.702419410221047,0.0
37597,0.2611704256149021,23.19825559739038,6.058698287893731,0.0
37666,0.3714088038122087,17.866462311481648,6.635761395463308,0.0
37671,0.3491093229511757,24.8030094467034,8.658961835090238,0.0
37742,0.6482863001645938,23.272970890341877,15.087548192338028,0.0
37767,0.6509189115870267,30.12340554907394,19.607894353297812,0.0
37776,0.22486268800692513,22.19846851985222,4.991607301011079,0.0
37796,0.4528381085592778,21.65989912709956,9.808427752300517,0.0
37815,0.2932236715121294,24.59501048970773,7.211839276671436,0.0
37932,0.30302766379026197,23.381177501546667,7.085143594959121,0.0
37978,0.4672789958783472,24.090484034680838,11.256977189949016,0.0
37996,0.6709558464970025,22.183218552380808,14.883960181840674,0.0
38017,0.8170350049349444,21.253925815467287,17.365201383527257,0.0
38029,0.4939379095840231,22.118723621822106,10.925276108429564,0.0
38034,0.3604148264402874,21.308284524589013,7.6798216686700105,0.0
38036,0.385755562592164,20.851051020035964,8.043408916871888,0.0
38196,0.8727138918818143,29.79434076241577,26.00193508282085,0.0
38201,0.12714839160388752,14.670803415426994,1.865369057808362,0.0
38216,0.777483705072656,29.7044664176897,23.094738607631673,0.0
38235,0.5034629030562818,26.624100621539394,13.40424699018278,0.0
38246,0.07002534053248413,16.518787605385377,1.156733727250889,0.0
38419,0.3920581149348442,21.053195429538814,8.254076113459865,0.0
38469,0.3252392446389751,22.128441526576804,7.197037607141568,0.0
38595,0.5193369216467353,19.593859506130315,10.175814679092339,0.0
38656,0.4554570837869438,22.23329400697608,10.12631125139506,0.0
38985,0.6271034292426221,19.516595219484763,12.23892378927906,0.0
39007,0.35966779662860104,23.225106620817655,8.35332292477382,0.0
39034,0.7827973755838615,34.021410518659714,26.631870867668006,0.0
39126,0.48037327248739004,23.31702608583839,11.200876125528026,0.0
39139,0.42609221258480523,24.625609632138183,10.49278049440745,0.0
39159,0.41995452163130326,21.21523474372399,8.909433758096412,0.0
39257,0.4601108279504033,23.770542199850816,10.93708385240336,0.0
39281,0.48240613715502023,21.319454707246095,10.284635791574,0.0
39351,0.6857148243893856,26.503065139106827,18.173544657643085,0.0
39488,0.6712726102419654,16.319276056399154,10.954683035638267,0.0
39544,0.6464677307014712,32.0387726378506,20.712032641651668,0.0
39643,0.5827779394929516,9.377408583620655,5.464946852145963,0.0
39671,0.11630069328316635,21.12899427782319,2.4573166828868915,0.0
39693,0.45665637032702994,21.03608784859134,9.606263522818262,0.0
39751,0.6527762781335882,20.96228019929847,13.683679249691465,0.0
39783,0.34270787983510903,23.59546311450418,8.086351137699246,0.0
39944,0.9154002548185695,22.977492420113848,21.033602416463964,0.0
39950,0.5712670152814113,24.145033095434957,13.793260990300023,0.0
40234,0.12766458272832668,19.706569316766952,2.5158309488318986,0.0
40259,0.8473052242611182,13.334036330911099,11.297998643668526,0.0
40318,0.44152648600316763,26.67696893720213,11.778588352058513,0.0
40333,0.4925522569609665,17.979622241462877,8.85590351433813,0.0
40362,0.4360123338326179,25.65636478126108,11.186491485938626,0.0
40371,0.03698357636674517,22.265962371214837,0.8234749197348984,0.0
40434,0.05411152523279024,16.983483125171364,0.9190021756683775,0.0
40540,0.337197467292844,24.902443156291078,8.397040761705368,0.0
40541,0.5481107419126255,18.53340916885643,10.158360649712154,0.0
40712,0.7064729088344194,21.976312558768004,15.525669458847213,0.0
40829,0.5961982253904082,22.220556997161037,13.247856648893828,0.0
40916,0.4012295499029661,20.540287685456708,8.241370382913232,0.0
40923,0.3287182954780975,21.386121083527037,7.030009269465212,0.0
41001,0.5751866886326155,20.099963467605814,11.561231428568732,0.0
41027,0.25909147778076996,23.57738273876146,6.108698935988524,0.0
41320,0.4207329063774814,23.956986283852338,10.07949246725065,0.0
41527,0.28153709441829355,24.100569172876476,6.785204218758739,0.0
41598,0.51594780634039,25.437734764736255,13.124543450134347,0.0
41621,0.2979688084492732,24.236892746807577,7.221838052279086,0.0
41722,0.11734393079067444,9.832399889268164,1.1537724521125183,0.0
41825,0.05782475497408208,13.832057887329759,0.7998353581221627,0.0
41872,0.29002284695084635,26.495962645265863,7.6844345190832835,0.0
41892,0.36772680855030826,23.391879094305153,8.60182104534351,0.0
42010,0.8052469475038135,18.266989948349273,14.709437895991098,0.0
42041,0.38787010578863484,25.557434451244433,9.91296480429028,0.0
42193,0.5013398024418618,19.944511667355435,9.998977539111381,0.0
42281,0.823246261819941,14.614796447143727,12.031576542370427,0.0
42315,0.25869167589011643,11.393567496013304,2.947421069910839,0.0
42379,0.4340464532034092,26.534943184543398,11.517397975205037,0.0
42552,0.5478484742078515,33.40274124303073,18.29964082435406,0.0
42600,0.04306457069294043,18.818297964804515,0.8104019230261411,0.0
42654,0.6970460066439449,25.831668639217543,18.005861469916216,0.0
42783,0.13046962553229816,13.535232343713055,1.7659366953768927,0.0
42808,0.39690407240691566,23.261240618434286,9.23248113069373,0.0
42835,0.3209265176878181,21.808250696435447,6.998845952869962,0.0
42842,0.3849066571781341,22.93324066693483,8.827157003371529,0.0
42865,0.24874571612095037,22.82035342586349,5.6764651550495975,0.0
42879,0.23064742136992042,22.56651513107739,5.204908524288292,0.0
42955,0.29718061056124745,27.168180371644812,8.073856430683504,0.0
43105,0.21029972045666942,20.773977881537466,4.3687617412603625,0.0
43200,0.7705317896211391,29.577405778754052,22.79033140705398,0.0
43298,0.4101362163975988,19.513380299512715,8.003143965169588,0.0
43364,0.6390841062940765,16.89428365810369,10.796868173117817,0.0
43434,0.21767040622675105,23.060248474807405,5.019533653201144,0.0
43445,0.24956632435154857,20.955939147510442,5.229896706378906,0.0
43555,0.4066269901006875,22.148708603453827,9.00626271403963,0.0
43568,0.1351258675490687,23.756628649943952,3.210135056364737,0.0
43796,0.3955375890750428,20.777039459021687,8.21810009573847,0.0
43806,0.37791841404463505,21.65266911369217,8.182942371279799,0.0
43960,0.3717497951657317,22.667787357428974,8.426745306984584,0.0
44043,0.2533278942638448,24.66949663960081,6.249471636259067,0.0
44060,0.5498539250230323,21.22692896718169,11.671710208789953,0.0
44218,0.47814495844061733,17.47874512465829,8.35737386122388,0.0
44259,0.802991470919706,14.940707051572277,11.997260331922446,0.0
44283,0.27739930621433634,24.293831686126968,6.739092055019482,0.0
44373,0.37529895223498794,22.60360033674195,8.483107523117674,0.0
44406,0.631677938356198,31.887161596166592,20.142416497097447,0.0
44478,0.6697498292627789,30.607294838440524,20.499230492241075,0.0
44544,0.36474294862154305,21.794439898466628,7.949368272121721,0.0
44570,0.2877791546063231,22.178003881965637,6.382367208007823,0.0
44581,0.3250761543595879,24.981492298705714,8.120887446626915,0.0
44612,0.34552699109391477,20.838375592637718,7.200221217808983,0.0
44653,0.3153952999303035,21.455748384139415,6.767042196844776,0.0
44702,0.4572669900147158,22.036434674737002,10.076534154372903,0.0
44721,0.1075724300361005,15.577995689788693,1.6757628514424692,0.0
44768,0.8846581654150422,22.378233887746525,19.797087336362566,0.0
44848,0.3640269969413928,22.775146946532892,8.290768347845301,0.0
44854,0.8366377369846886,8.76305634021096,7.331503625543426,0.0
44926,0.34429952748283277,21.791894290961597,7.5029389073339186,0.0
45043,0.5108541516848165,22.340427157616862,11.412699963880799,0.0
45053,0.4975531847391651,21.309014938439056,10.602368246274796,0.0
45062,0.27722962967934467,19.671102660100747,5.453412505844102,0.0
45182,0.47255865992805957,21.04397740891359,9.944513763912566,0.0
45206,0.7671606546756154,30.859887341209113,23.67449137589772,0.0
45282,0.027845497496279084,19.5402399441858,0.5441077024425183,0.0
45304,0.2651533851190822,23.38934759405343,6.201764690290128,0.0
45385,0.8726415407327935,41.21130505184626,35.96269673605228,0.0
45424,0.8865217788269874,13.466042796038376,11.93794021330428,0.0
45561,0.11457308771401288,22.356315296321917,2.561432073407619,0.0
45645,0.5019329510869684,19.892574786454798,9.984738767283478,0.0
45762,0.393648203945683,25.86953692712894,10.18349674827083,0.0
45872,0.42836306635963695,13.936034157060991,5.969682324411284,0.0
45910,0.37006165395598933,23.115058491021134,8.553996776476716,0.0
45957,0.3118919277710555,25.19692478392879,7.858717444761837,0.0
45997,0.3917375147720606,23.427135228433503,9.17728773261553,0.0
46017,0.4668609965343798,19.96618412595628,9.321432618032864,0.0
46043,0.2862094250182753,22.907238197329512,6.556267473214352,0.0
46065,0.15526627151589067,20.4813359829575,3.180060673738061,0.0
46133,0.11648366009963804,20.15977623242748,2.348284522342844,0.0
46134,0.09750506300678217,22.507679566063345,2.19461271422547,0.0
46137,0.32250020450621963,23.8843744556145,7.702715646438804,0.0
46185,0.6066230880680388,19.30962788762264,11.713666098634366,0.0
46277,0.11886080419788284,14.17328470015483,1.684648017585952,0.0
46378,0.04140712826103192,17.923412682488465,0.742157047819206,0.0
46404,0.38162195358837026,26.053873173769233,9.942729979117447,0.0
46442,0.5934231588941392,30.13134649079429,17.880638816300984,0.0
46444,0.669499934010341,30.870703181878067,20.66793374312019,0.0
46452,0.668123415820273,17.558603077881784,11.731313865426737,0.0
46518,0.48815889294248976,25.129848289644784,12.267358920885718,0.0
46521,0.38931138253220055,23.886912385811133,9.299446885345677,0.0
46652,0.1744904218097845,20.50032919524139,3.5771110885171105,0.0
46656,0.5680150007778608,19.543301235683884,11.10088826658895,18.0
46735,0.3606135535540781,23.667140136947193,8.534691507246878,0.0
46738,0.1467469003806265,11.576177199959538,1.698768122350942,0.0
46744,0.3374669289210216,23.255982005316163,7.848124826376587,0.0
46904,0.14886460995996267,12.696355668551723,1.8900380345119134,0.0
46969,0.20704494347879904,21.562413754475443,4.464388737061847,0.0
47043,0.3505464969397116,23.534715618300815,8.250012116467671,0.0
47059,0.14271392187974888,22.52111266844887,3.214076314010035,0.0
47109,0.37716256290478634,24.521985177711063,9.248774777138687,0.0
47166,0.3823513330611886,20.54903362788408,7.85695040074067,0.0
47178,0.5957261719612028,18.372069210519033,10.944722461788782,0.0
47189,0.23279776762019094,16.920087509729033,3.9389586002031947,0.0
47266,0.5526946602793632,18.002769977863206,9.950034837002624,0.0
47294,0.26773827550540585,22.445617113214407,6.009550818546652,0.0
47333,0.25260872205952706,24.236558144846203,6.122365980091021,0.0
47359,0.3228264157331867,21.914551104662074,7.074595985519805,0.0
47418,0.6549828638383594,22.85734356060616,14.971168345063106,0.0
47429,0.37399316192040255,26.590127904146712,9.944526010739756,0.0
47430,0.34354370073152657,22.02961596483053,7.5681357942522,0.0
47432,0.34342979123715367,27.178488682438303,9.33390269435113,0.0
47445,0.7145559937684732,22.747205733078655,16.25415219805593,0.0
47711,0.3352686609077589,22.622893224549006,7.584747117253758,0.0
47746,0.20625537242235262,23.94843797248171,4.939493992947826,0.0
47791,0.8459934439771492,21.03691631047883,17.797093280161047,0.0
48007,0.6599861952458751,28.182807933359506,18.600264179283204,0.0
48043,0.6419801179216995,18.381049126939292,11.800268086037038,0.0
48053,0.27033833447725003,22.890403814077555,6.188153642609418,0.0
48172,0.5916314750591074,29.12300381269051,17.230085703854094,0.0
48266,0.6504727467892627,24.583022667922585,15.990586279186312,0.0
48334,0.5449138460485179,24.505949685463072,13.35363129417715,0.0
48378,0.7740861876431044,29.552311130693166,22.876035859201153,0.0
48397,0.5188061438745013,21.755765130019906,11.287024614144967,0.0
48454,0.3576513657228803,27.732355045230708,9.918514656638573,0.0
48485,0.6077392573212097,30.55141884299806,18.567296597752854,0.0
48522,0.50631295464867,24.63387543205514,12.47245025445112,0.0
48538,0.5653688666874612,32.368244714476035,18.299997830885722,0.0
48615,0.26848912551410486,26.281685409178284,7.0563467325470866,0.0
48625,0.11376468189161998,16.674864968895935,1.8970107087721637,0.0
48868,0.21301220595004303,24.71270943050423,5.264108750794137,0.0
49092,0.4888638012515947,24.91041068917451,12.177798060248206,0.0
49100,0.1668531919760861,22.269854805089814,3.7157963590732144,0.0
49109,0.37271677264135394,23.338448452552274,8.698631185691886,0.0
49118,0.7235148544681366,25.720011005305164,18.608810019422236,0.0
49286,0.5004288978576591,19.213675019834056,9.615078213970794,0.0
49355,0.2859347468875278,27.72295322040241,7.926955612050536,0.0
49362,0.8792617886816103,21.39378673199408,18.810739188646018,0.0
49442,0.48155059885915374,30.157150299579996,14.522193786648256,0.0
49456,0.2086741350474646,18.657620331930627,3.893362784809613,0.0
49576,0.8077030766025907,18.358272532136656,14.82803320531561,0.0
49598,0.378584897271551,20.08837424469655,7.605155099780913,0.0
49607,0.8548224604109728,23.25916800064586,19.882459217424262,0.0
49711,0.3950512348447726,21.312595535583167,8.419567184079318,0.0
49828,0.6529815661169045,22.375312463668156,14.610666574881124,0.0
49852,0.6188631325518709,21.4411346270322,13.269127740751536,0.0
49891,0.47534457626900073,23.44949396433816,11.146589772200812,0.0
49927,0.26319665853907287,21.620896881002547,5.690547813697733,0.0
50121,0.16503620023605892,22.544970377197227,3.720736245487138,0.0
50127,0.3643153388143879,23.521001661408707,8.569061689529894,0.0
50128,0.37127131517688927,24.42866669354619,9.069663211330765,5.949999809265137
50153,0.3275321890591604,23.746562972652455,7.777763753064061,0.0
50158,0.7579397353073279,17.132865842805277,12.985679801951791,0.0
50218,0.01866619227743365,21.398417762927185,0.39942698039565044,0.0
50483,0.37205357117411486,22.617721058203607,8.415003891524632,0.0
50610,0.581612926335854,17.047647406392358,9.915132095173691,0.0
50646,0.29703945843838775,23.14163988549496,6.873980178963617,0.0
50900,0.11466951058447102,10.622846714739076,1.2181166337929856,0.0
51032,0.46792771090679025,22.55938199523504,10.55615997650219,0.0
51147,0.4811264061561214,21.83946695951797,10.507544250598237,0.0
51328,0.12038491059571842,14.709789413203039,1.770836683390293,0.0
51348,0.0761412566472017,14.55537323803498,1.1082644093130327,0.0
51362,0.34043835336366773,23.204945566784485,7.899853458649652,0.0
51429,0.6030924238411064,24.58752049034205,14.828547328763257,0.0
51609,0.9325528386289429,25.85545050691288,24.111573764251748,0.0
51675,0.3132524122102624,24.26233059583148,7.6002335849870635,0.0
51731,0.42979655180107323,23.97343606212875,10.303700154326437,0.0
51792,0.36975493793981207,22.25908841522529,8.230407855568416,0.0
51797,0.5292940056106427,23.97455874012297,12.68959022830733,0.0
51809,0.1923668891255994,13.692302335842149,2.6339456053131323,0.0
51849,0.0452523645144407,20.052341887953848,0.9074158844818756,0.0
51996,0.26104504643695686,22.418623393075528,5.852270584698049,0.0
52112,0.3509754098436183,23.967442574983586,8.41198298065825,0.0
52150,0.5166244740092465,23.720964105265995,12.254830603875261,0.0
52164,0.34906262248125897,21.35098130093283,7.452829525451936,0.0
52276,0.6601692975663205,17.454188631056454,11.522719448154596,0.0
52281,0.3787527201442668,21.928506553805377,8.305481505955168,0.0
52300,0.5670946856446891,21.803756153436417,12.36479424170648,0.0
52307,0.500500327810916,23.553336646039497,11.788452712383629,0.0
52319,0.804540344966887,25.83733838010675,20.787181133357272,0.0
52336,0.5829237158342732,30.816696371007804,17.96378315832443,0.0
52340,0.47801077909609574,17.63641107339961,8.430394597654757,0.0
52416,0.41999844713172224,23.864672124729847,10.023125233694234,0.0
52428,0.09541918738608486,10.462453122566112,0.9983187750202646,0.0
52481,0.45740906497646766,23.74522249703847,10.86128002002855,0.0
52492,0.36456203281293237,25.4755889779173,9.287432504896266,0.0
52496,0.2685914296733684,21.159717395882097,5.683318746844416,0.0
52556,0.7526691823308698,17.544594783046833,13.205275809682304,0.0
52565,0.756151408940967,27.280215304577073,20.627973238768885,0.0
52603,0.20114645194324093,20.676439116292542,4.158992367062685,0.0
52625,0.4870598295277197,22.687826449393135,11.050328882795911,0.0
52627,0.00038369802435623824,24.02444111645145,0.0092181305926452,0.0
52797,0.36366493568081787,22.05318762192173,8.019971058083174,0.0
52994,0.3778596089582906,21.376721729821426,8.077399713640519,0.0
53099,0.663131002889359,30.520697249849942,20.239220576175494,0.0
53139,0.48490552863628933,26.432771522796212,12.817397048583752,0.0
53153,0.492122695228601,20.79127732010381,10.231859432014772,0.0
53380,0.38310861400851,23.67183464007859,9.068883759999144,0.0
53555,0.37831076780645645,28.852139983268486,10.915075229929663,0.0
53583,0.17457932985445027,20.9175074751486,3.6517644372368965,0.0
53584,0.3151805387231009,24.21455066665153,7.631955124053052,0.0
53645,0.11798822444368298,10.863123686029898,1.2817206756267843,0.0
53676,0.10478415015193071,11.604028476118412,1.2159182622088713,0.0
53782,0.8476101842040084,31.393041948721525,26.609062068880014,0.0
53856,0.6673602327135124,26.107515923568705,17.42311790232454,0.0
54038,0.32144236781026436,24.298047467543416,7.8104219111333535,0.0
54433,0.023795399213999938,22.7994888786386,0.5425229397423572,0.0
54561,0.1576918079112782,21.1703319176614,3.3383879141778636,0.0
54636,0.6954204675991281,16.755198095546262,11.651907694320803,0.0
54647,0.12115374002675147,10.994923318229802,1.332076081310881,0.0
54676,0.34603162823668643,22.405578635230217,7.753038856733826,0.0
54700,0.3637555954983683,23.346112345509763,8.492278998812711,0.0
54871,0.7682414950918207,28.965407122325242,22.252427673598415,0.0
54926,0.5757414891386315,20.052353579215485,11.544971910431892,0.0
54985,0.3356636960154297,21.879049731959572,7.344002698334947,0.0
54990,0.4347884069635185,23.39996641811971,10.174034121934099,0.0
54995,0.34369703678144475,22.824788978058013,7.844812336920319,0.0
55244,0.36573804434692986,21.34251990930845,7.805771493065888,0.0
55253,0.30068397878414643,24.025938390844985,7.2242147493820426,0.0
55399,0.4156979533879369,22.706103257674407,9.438880653630418,0.0
55514,0.2825877058354686,23.10065909893264,6.527962258054617,0.0
55706,0.5635833863418575,24.25484962472993,13.669630286717823,0.0
55824,0.48105983267784597,27.26266363948208,13.114972408761645,0.0
55872,0.2415183738755883,18.772866335852004,4.53399215041875,0.0
55901,0.37691162683079804,23.149615494628062,8.725359236587712,0.0
55902,0.557625637053973,25.06300479600229,13.975774015857557,0.0
55917,0.7285676446688119,18.487485217209205,13.469383560551588,0.0
55981,0.41546703331399226,22.214802065468106,9.229517909797583,4.880000114440918
56037,0.36510718813341575,21.931530462568244,8.007359418650642,0.0
56125,0.3139962717991729,21.924505769456786,6.884213072648887,0.0
56150,0.4445038976016064,23.858748402245624,10.60530665669428,0.0
56185,0.08883101229422262,16.057943330785747,1.4264433614369587,0.0
56192,0.07270983438050857,7.324666746358317,0.5325753060201318,0.0
56391,0.5135150631423971,26.277387793008103,13.493834451743812,0.0
56398,0.506906432463826,23.69837914617469,12.012860828162545,0.0
56457,0.3235934427673053,23.99715195932657,7.76532101912867,0.0
56640,0.3312969187093375,24.447404946897112,8.099349929346428,0.0
56702,0.8505292804727234,26.037052744233176,22.14527573618299,0.0
56713,0.8049675107055425,30.758336975081217,24.759461948273373,0.0
56732,0.44537729052314246,29.751173418664404,13.250497007088889,0.0
56792,0.06477012499964926,10.982758880809277,0.7113546655510249,0.0
56837,0.36066244744652837,21.68585627025324,7.821273997403177,0.0
56844,0.3199137107451697,22.825635535974538,7.302233764430425,0.0
56886,0.5196370154357025,19.160974934223738,9.95675182765833,0.0
56900,0.13326223428759207,14.924129884765055,1.988822893242015,0.0
57021,0.4204472688144653,22.087257010377474,9.286526885616361,0.0
57023,0.6892215392706592,23.684238550308148,16.32368735009687,0.0
57146,0.5855266229425636,19.089917064610116,11.177654671094778,0.0
57164,0.2354967069764185,26.168030191438493,6.162484938143264,0.0
57334,0.3212908847386746,23.093837668389202,7.419839536488097,0.0
57354,0.13312013027984468,14.882134537923353,1.9811116885305329,0.0
57370,0.36801951136120115,23.666872821925377,8.70987097137267,0.0
57376,0.7770989238140765,24.114837515581108,18.739614281309397,0.0
57385,0.7098090776217683,20.587611261150744,14.61327335971294,0.0
57408,0.09202469571351972,19.610533193679085,1.8046533499281958,0.0
57435,0.11362907559980295,22.618546584650502,2.5701245398249166,0.0
57477,0.3775797419838481,19.497943372191298,7.362028427687671,0.0
57512,0.8541981388215732,16.35939428624432,13.974164151558178,0.0
57539,0.29776382658415745,24.471504924060675,7.2867289484613575,0.0
57619,0.46092841354737485,24.551523224454954,11.316494650019552,0.0
57636,0.20284839036349295,13.994789308308938,2.838820484666689,0.0
57664,0.708027564918024,12.56641263582627,8.897366538299162,0.0
57791,0.47537256318638793,14.760078537756435,7.016536367325669,0.0
58018,0.06919621455475304,17.083041435845974,1.1820818004425344,0.0
58027,0.38120252787905,21.990292338116934,8.38275502808948,0.0
58114,0.054034282619981305,20.136549264182403,1.0880639939320085,0.0
58149,0.3276147511351026,21.672056392643956,7.100085361661958,0.0
58153,0.48766526746805583,24.71993904596604,12.055055686645066,0.0
58331,0.5388901604565249,18.68448977058982,10.068887690521446,0.0
58394,0.5790410483069245,23.943908832127423,13.864506070720491,0.0
58433,0.41498284986803746,22.295978587228618,9.252448734724872,0.0
58565,0.3412881394886466,23.965968451632953,8.179300783901411,0.0
58585,0.4155336024057336,22.97752035994349,9.547931809518408,0.0
58607,0.4510769398977644,22.500139086507108,10.149293886415705,0.0
58626,0.36619827138901684,18.415822849006354,6.743842493512486,0.0
58774,0.26939073021993887,25.08484465199841,6.75762461825558,0.0
58981,0.7555487123989031,17.26402940861506,13.043815190495904,0.0
59145,0.5729215220659929,34.26022902984279,19.628422562107048,0.0
59179,0.6726773946517782,17.91114500756633,12.048422358919924,0.0
59231,0.3677748342160619,22.36167500649644,8.224061318307683,0.0
59374,0.1954535777505592,22.085241055101708,4.3166393797031635,0.0
59479,0.5222751752272056,25.754109439068554,13.450732020110157,0.0
59481,0.5511835273079145,20.063222849871742,11.058517939557056,0.0
59713,0.5457293966302752,23.189209453750372,12.655033283528264,0.0
59740,0.3747649146183584,22.203265063826773,8.32100473589382,0.0
59799,0.5090446495409955,23.19945581706177,11.809558855938018,0.0
59829,0.43616135491414926,25.069926142302524,10.93453295382432,0.0
59833,0.8210449746276208,28.201687937144882,23.1548541568092,0.0
59963,0.462013410151158,20.75352427803917,9.588406524351726,0.0
59985,0.6585768303734663,30.206311705445742,19.89317702024539,0.0
60023,0.3254623782164462,24.48373112335907,7.968533359020465,0.0
60055,0.8257776045791587,16.423567606159306,13.5622143164581,0.0
60173,0.31889941397916033,22.085060699897664,7.0429129148915495,0.0
60255,0.28815556023955363,20.849614237239553,6.007932271310337,0.0
60256,0.45840317948572934,25.434255877114197,11.659143761922746,0.0
60274,0.37233135726217303,21.778732506277482,8.108905033512102,0.0
60361,0.4622714610929255,26.423021404661185,12.21460871122237,0.0
60377,0.18754394100994082,22.696272031869672,4.256548303090535,0.0
60379,0.4313090054041101,22.639479944589194,9.764611577767063,0.0
60411,0.5789792446053421,23.925165204073867,13.852174076912704,42.0
60469,0.8903861867496674,17.847618674875417,15.891273134484475,0.0
60576,0.26436525004829525,22.54304827947459,5.959598595254092,0.0
60595,0.303859641292988,23.261761507774423,7.068310507595371,0.0
60662,0.4271350059482926,21.165198947437734,9.040397378310614,0.0
60685,0.49075925723608343,23.045365954124602,11.309726678379915,0.0
60702,0.12159944928270053,15.448846281031587,1.878571199826537,0.0
60744,0.5933610390433992,27.471984938281608,16.300805527563387,0.0
60791,0.3757982985552385,19.771357248000115,7.430042413926226,0.0
60797,0.48141854159792175,23.94619110577151,11.528140398965647,0.0
61045,0.46320306716194476,24.9280686075962,11.546757837461948,0.0
61092,0.4521643276745528,28.22857090582891,12.76395278484757,0.0
61156,0.5611928360543588,22.798576378038156,12.794397735593144,0.0
61180,0.21595022721100005,21.96205762875981,4.742711334951758,0.0
61242,0.27837077334417903,20.683791793402616,5.75776311721947,0.0
61336,0.37498787583915055,24.804821952277045,9.3015074944527,0.0
61445,0.4905217555961376,25.79850930187347,12.65473007451826,0.0
61494,0.2814920911479803,25.17217361697619,7.085767790182646,0.0
61554,0.39801458630058634,22.01970278104736,8.764162892860435,0.0
61586,0.3568669076853316,19.82394598664427,7.0745103023747795,0.0
61964,0.1860643614792011,9.044734603550662,1.682902768758489,0.0
61965,0.35430244460656407,20.309553556547677,7.1957244739527795,0.0
62058,0.4622239329315388,25.42418593875557,11.751667216194326,0.0
62070,0.36706307203427896,23.7302983499573,8.710516212625308,0.0
62140,0.46152941710164214,19.141619832387924,8.83442064362323,0.0
62196,0.4106266130141579,22.274593200421727,9.146540762157366,0.0
62452,0.3157468631246758,23.869167020104378,7.536614611996923,0.0
62497,0.36116509056666973,25.898276078637014,9.353553225461553,0.0
62560,0.8844234767349013,13.179385029536276,11.656157529050382,0.0
62563,0.7939491657141147,20.617558106904188,16.36929305803886,0.0
62574,0.3350469555916763,23.425223548930003,7.848549834123441,0.0
62639,0.633427656307834,21.61861093909122,13.693826059779454,0.0
62699,0.7002247832142988,23.823854485195895,16.682053342225295,0.0
62711,0.07402375558650624,11.143378687229148,0.8248747403513332,0.0
62793,0.6108657059499282,32.65490322192069,19.947760509385166,0.0
62806,0.3111846832061211,21.495685997955277,6.689128237571966,0.0
62960,0.7170287288657968,24.363913524359084,17.46962594456739,0.0
63010,0.007335204936875042,15.817135667903663,0.11602193163842926,0.0
63045,0.29668884561857295,22.75342968016395,6.750688785671218,0.0
63064,0.1099008829649143,14.83534936802777,1.6304179946392354,0.0
63180,0.10906126594516834,22.16817256989029,2.417688964163191,0.0
63181,0.44717624070085027,27.923595699643073,12.486768551816818,0.0
63189,0.8330907069149166,34.07015626188798,28.38353056491793,0.0
63244,0.3086656228467313,24.785690102366953,7.65049047313316,0.0
63354,0.27176761255230464,22.965405236458324,6.2412533524084735,0.0
63381,0.6761953514298572,17.139449904731098,11.589616351644077,26.0
63515,0.255906922971104,24.656834726496722,6.309854705064839,0.0
63695,0.3508855291655774,25.36168406958264,8.899047935285699,0.0
63721,0.10489636140695632,11.964438323384227,1.2550260464009504,0.0
63755,0.23641583790305287,18.72775459369143,4.4275377943103065,0.0
63835,0.5004504499893121,24.95387169409304,12.488176318284419,0.0
63940,0.48914008059339686,22.552549035216956,11.031355652672556,0.0
63957,0.3180309782712118,22.992082239878513,7.312194407240718,0.0
64145,0.4146432038171285,19.07934466262702,7.911120597642897,0.0
64157,0.03776426451758916,20.05193524159332,0.7572465865530982,0.0
64164,0.3881330619320854,24.395706770845482,9.468780366965564,0.0
64192,0.815057787011739,25.09023762960058,20.44999355798091,0.0
64220,0.7326579823948196,31.431553938032785,23.028578891773048,0.0
64221,0.5050244073493431,35.60316503816075,17.980467323157985,0.0
64281,0.6253661267856666,34.29052775497584,21.44413452756564,0.0
64307,0.38239296755394564,22.665996621068857,8.667317710498224,0.0
64356,0.38096130951983975,18.6484129905802,7.104323833358224,0.0
64432,0.10110533815308667,16.148010298719505,1.6326500417515617,0.0
64479,0.43521382118205465,20.158033445762154,8.773054763445806,0.0
64688,0.3768149116865168,24.04593189193908,9.060865702281022,0.0
64728,0.7040718269540278,25.050161283695537,17.637112820504573,0.0
64731,0.3413034354800102,23.388042772193092,7.9824193473029235,0.0
64779,0.556759139836497,23.101629865730636,12.86204357286532,0.0
64796,0.3214675414309908,22.292227725501807,7.166227639936834,0.0
64889,0.8272725533699687,29.166936883820565,24.129006349858958,0.0
64984,0.1284367276477819,9.88815182402141,1.2700018627617558,0.0
65078,0.4826427987488861,20.987460296856103,10.129446576305757,0.0
65227,0.42459789024640815,26.90296132786982,11.422940621194233,0.0
65321,0.8359083437113267,15.963239401015823,13.343805007970527,0.0
65346,0.08802112733465199,16.56157686063521,1.4577686657125979,0.0
65354,0.5404905772618904,23.352465548726247,12.621787584919458,0.0
65381,0.2992590908307063,22.42597414094677,6.71117663241266,0.0
65412,0.6835440737950558,26.10471814702794,17.843725387491197,14.029999732971191
65571,0.36013499313862396,22.56717292177221,8.127228665340576,0.0
65711,0.67794790919672,25.973423412327104,17.608628097068298,0.0
65719,0.3597155037933716,22.729848629845407,8.176278951031918,0.0
65793,0.3219061682893503,22.189475982045554,7.142929189728853,0.0
65849,0.4550156918446598,27.656130938834025,12.583973552880064,0.0
65901,0.3720810019056065,21.499285569614052,7.999475714996745,0.0
65940,0.3551137446506337,21.879707244107244,7.769784771314521,10.3100004196167
65948,0.37377464374451036,24.74651229197234,9.249618815851107,0.0
65955,0.1568081138128102,22.395259219822623,3.511758356609333,0.0
66041,0.37762236822215756,22.613113191851873,8.539217356382817,0.0
66107,0.20688897959818692,21.949613794536123,4.541133200525866,0.0
66189,0.13847032189873018,9.830337363130077,1.3612099790457362,0.0
66280,0.40735203994548036,21.877236920079145,8.911737087764818,0.0
66321,0.28165024340159783,22.283020171701757,6.276018055082514,0.0
66323,0.7642683095868017,18.19267565861973,13.904085472474256,0.0
66394,0.09349303239573295,10.782284390031528,1.0080684637772233,0.0
66549,0.644743592727046,27.589779872468682,17.788333797523798,0.0
66555,0.6134995402103254,25.027977329085072,15.35465258378814,0.0
66571,0.23635520244955835,14.47963418846189,3.4223368700094565,0.0
66580,0.34731965630627765,23.508612321043877,8.165003151582484,0.0
66625,0.4308789131901434,26.625653145054304,11.472432490118722,0.0
66676,0.8046602039675814,15.780949478753367,12.698302026375782,0.0
66687,0.3784154211432492,22.67505913696728,8.580592052763555,0.0
66698,0.47379187871438827,23.45312910151075,11.111902098735872,0.0
66702,0.11051478014364922,9.487113487354673,1.048466261252851,0.0
66837,0.030329260724149917,18.734252463607085,0.5681960274407872,0.0
66900,0.6846861239233696,12.099155335109577,8.284123769142933,0.0
67036,0.5917788467340814,21.323945565450366,12.619059914542547,0.0
67171,0.8057137112741511,27.391357542103282,22.069592342085247,0.0
67184,0.06192734597328305,13.819480569807217,0.8558037544175143,0.0
67218,0.27518342690550357,22.718918844473105,6.251869943210132,0.0
67225,0.37718394635777003,25.148514816100747,9.48561606337373,0.0
67382,0.5168581356364405,25.43267007292163,13.145082438146968,0.0
67409,0.5771740087364523,16.784942536919374,9.687832570444753,0.0
67541,0.32096298280649826,22.953810384187523,7.367323447683601,0.0
67542,0.5764086190033232,17.850236257161164,10.289030029873315,0.0
67554,0.2611990610142468,15.819698680023519,4.132090440750463,0.0
67576,0.33377500352177497,22.819178063548943,7.616471238525059,0.0
67619,0.612220078532108,25.478301906895947,15.598327994304594,0.0
67651,0.4488350786152351,23.107941281542804,10.3716546417375,0.0
67662,0.14355290290709097,13.43789718527537,1.9290491499133062,0.0
67874,0.07858535988767076,11.23671589697012,0.8830413627189081,0.0
67912,0.7398292063109843,29.53201003820662,21.848643547334426,0.0
67913,0.5305780822600575,25.5347521566456,13.54817983025889,0.0
67920,0.4248600538920478,7.654319771780017,3.2520147107454247,0.0
68120,0.41303042536781803,23.437108527255333,9.680238904403986,0.0
68150,0.372859403643963,17.244134497339072,6.4296377050341365,0.0
68465,0.4920866216005284,21.85602399825101,10.755057010919414,0.0
68557,0.31111034489818656,20.66718320347264,6.429774494506381,0.0
68689,0.29041236962630024,23.2683391528714,6.7574135106538025,0.0
68795,0.7228636306171567,29.34673963446326,21.213690758944523,0.0
68836,0.42818381012368234,23.600346949697805,10.10528647716243,0.0
68900,0.08707529071341558,10.906605378769942,0.9496958340528947,0.0
68935,0.3550546448175415,21.979641644009874,7.80397385713077,0.0
69233,0.34594635005868224,24.374540143945524,8.432283197156782,0.0
69283,0.48974650928209146,19.2653619003863,9.435143740770389,0.0
69371,0.7764517357476985,14.91872213256304,11.583667694966179,0.0
69514,0.6480407846590669,16.32753515914502,10.580908696080842,0.0
69605,0.2602981875121152,23.19540723404319,6.037722461626848,0.0
69607,0.3640484938503257,23.721479918847244,8.635769036357086,0.0
69745,0.43756235539285276,24.252096871058807,10.611804630116126,0.0
69841,0.5539162774413445,23.32639028810192,12.920867274529348,0.0
70062,0.4597604019817507,25.186077582448803,11.579561153650221,0.0
70084,0.6487606603641217,31.20079413180992,20.24184780483802,0.0
70137,0.06154996944096973,17.05981800640408,1.0500312769626763,0.0
70149,0.31027389133056266,21.641541963665304,6.7148054394601004,25.0
70262,0.7667911437692506,39.72477335829619,30.46060439938219,0.0
70265,0.46280027527760514,23.859253412822802,11.042069047372532,0.0
70349,0.2710354755451846,22.405891701778753,6.07279151240551,0.0
70395,0.5276082112817184,18.055173050251348,9.526057557425002,0.0
70416,0.43073000774820847,23.261590892929814,10.019465225547314,0.0
70587,0.3427164512645734,20.024796810284194,6.8628273001147475,0.0
70632,0.4101274710092252,20.757213002793687,8.513103274035581,0.0
70635,0.7995390534840674,36.389532108308416,29.09485205860499,0.0
70678,0.25548315715956643,16.27481645146882,4.157941489213705,0.0
70738,0.6454670366998917,16.777901649302784,10.829582459617694,0.0
70751,0.2712669223225809,23.36470977959254,6.338072912870375,0.0
70852,0.877679866361366,20.185966286129418,17.716816192385107,0.0
71014,0.26122658205411614,24.40705965255072,6.375772771026749,0.0
71108,0.7810154091375645,37.02418060498476,28.916455563185252,0.0
71138,0.35874255095504537,13.20017203949545,4.735463390494062,0.0
71351,0.26715885784792126,23.97023932699609,6.4038617609416,0.0
71376,0.17386046611866574,15.749159204695394,2.738156160305416,0.0
71403,0.1449824697945792,8.936325156546047,1.2956104920834757,0.0
71473,0.6809808336400311,27.71507264148513,18.873433271792564,0.0
71588,0.5512103045117338,22.766089056566518,12.54890288141128,0.0
71642,0.2711243791373515,17.705275964338966,4.800331953286874,0.0
71712,0.33945940897106874,23.368303499260136,7.932590494515403,0.0
71937,0.2443067911671737,22.496473259534994,5.496041194615123,0.0
72078,0.3671840994079213,20.719595876269672,7.607906151924159,0.0
72111,0.11839778176924208,14.371022850009727,1.701497227196243,0.0
72120,0.45256399290857297,22.470874712136713,10.169508783872871,0.0
72384,0.6236050631623064,17.90748516467456,11.167198417194944,0.0
72465,0.0847869682497527,19.37092089768962,1.6424016551208807,0.0
72804,0.3780310942244642,21.428504671190858,8.100641068444322,0.0
72860,0.20421599038473826,24.789434255400913,5.062398867544054,0.0
72862,0.3677222038251054,20.01322132705933,7.359305852025858,0.0
72876,0.24107969166767723,23.34991372768203,5.629190001936448,0.0
72911,0.2359231936429039,22.857454187363267,5.3926035904291085,0.0
72923,0.5368892758442024,29.869565799716764,16.03664955199069,0.0
73044,0.32099792081717204,19.234803252617027,6.174331851417444,0.0
73376,0.35104090661581344,22.05645013527397,7.7427162522130555,0.0
73392,0.3940061825378153,21.11542843354094,8.319609349749907,0.0
73525,0.3062190351902725,25.827403098763675,7.908842458373667,0.0
73577,0.45614760172099567,23.344964431843962,10.64874953784757,0.0
73945,0.1795211439380495,16.922242243743163,3.037900285593558,0.0
74021,0.34373581274468956,30.06596032113357,10.334747306934435,0.0
74132,0.5466743785128947,20.32685203406789,11.112169202847634,0.0
74170,0.8795115706594063,22.27427610465612,19.590483562107387,0.0
74366,0.8361052696460136,24.895915052910087,20.81560576839764,0.0
74371,0.45969644051614916,11.971182763536826,5.503110105166156,0.0
74489,0.490080223741714,21.995318663012966,10.779470691639693,0.0
74547,0.34436895236351034,23.564598992936617,8.114916268063814,0.0
74953,0.6328165250747881,30.94124954723934,19.58013401995586,0.0
75345,0.33809813692051954,21.867150250054042,7.393242759304345,0.0
75359,0.6478648483725586,17.835229992767893,11.55481857495428,0.0
75376,0.8516289997453174,36.58968441190626,31.16083633670856,0.0
75494,0.41424110671222925,19.773045745578504,8.190808352719975,0.0
75578,0.05792275542462215,14.960884254410457,0.8665756396042974,0.0
75591,0.32877684852561373,23.97450243106943,7.882261354256672,0.0
75727,0.2703551611655195,21.260863403867436,5.747984152070676,0.0
75873,0.3622429200246913,22.508913347321545,8.153694497516504,0.0
75882,0.35215622446614936,23.989108627002185,8.447913922393422,0.0
76059,0.31530336268209114,22.31007157137666,7.034440588133186,0.0
76110,0.33169998272163737,20.870063016410324,6.9225995419427875,0.0
76173,0.4388949194598243,22.141533390137997,9.717806513981627,0.0
76231,0.05414412287166148,20.072690040359042,1.0868181959099756,0.0
76391,0.4821974830185778,24.45411609570229,11.791713230791734,0.0
76461,0.1266263963196755,13.773395806259582,1.7440754760311825,0.0
76465,0.26083869442455176,24.54942463871343,6.403439871635934,0.0
76578,0.06386006152353593,16.012959862175077,1.022588601972412,0.0
76949,0.12629871940560514,22.366999060221527,2.8249233382523524,0.0
76984,0.5391337802934075,31.33761185179487,16.895165143025658,0.0
77000,0.09127296843761107,23.510980240600354,2.145916957437614,0.0
77028,0.6787825808602767,16.499991681096095,11.199906937467501,0.0
77391,0.15222169769773727,21.030329594305908,3.2012724739882117,0.0
77413,0.25053176872389044,21.762997041695066,5.45232214158866,0.0
77493,0.27408930838412715,22.606703848737453,6.196255822745234,0.0
77522,0.6159860258505953,31.948306630906846,19.67971043422853,0.0
77738,0.36666570922177777,23.21515071647852,8.512199702148058,0.0
78042,0.2572946466717869,22.913082938590136,5.895413578845898,0.0
78103,0.38017599218027054,20.65184762236376,7.851336660187903,0.0
78113,0.13126327481933953,20.044893457515858,2.631158358638285,0.0
78189,0.7965251132647536,24.225018048192503,19.295835244677235,0.0
78281,0.3212956035491359,10.539599539708096,3.3863269952767077,0.0
78433,0.3758563575260032,21.41977011522667,8.050756774553435,0.0
78547,0.3604602430002073,22.661768933078736,8.16866673643211,0.0
78658,0.6042058197308688,18.974792454054636,11.464680028925185,0.0
78719,0.2703721530876657,23.342915359423532,6.311274285070483,0.0
78734,0.07857926939316123,15.218114575338685,1.195828324871532,0.0
79215,0.4119393740157719,22.079487223221093,9.095410145322932,0.0
79608,0.6386761410666346,17.31276349177769,11.057248978127891,0.0
79697,0.1161293933038362,9.527957339934085,1.1064759053113784,0.0
79720,0.06541162360688739,15.69646821697166,1.0267314709660211,0.0
79766,0.26340222409548447,23.6113167624105,6.219273349041919,0.0
79806,0.6470582001494279,20.08419033886611,12.995640052125236,0.0
80074,0.18031172650857208,16.732364902051167,3.0170416040602803,0.0
80332,0.022680007972389744,21.16000010510136,0.4799089710794667,0.0
80363,0.0019092736343885074,17.244576048101546,0.032924614384847846,0.0
80826,0.3856025270136414,22.205494553504998,8.562494813419178,0.0
80893,0.5160666345544469,17.87994463437861,9.22724285348361,0.0
80920,0.41095975316860295,21.180282525177322,8.704243678588147,0.0
81139,0.4572022517609003,22.475304602953564,10.275759873482496,0.0
81151,0.35400924552325297,23.919439774334723,8.467702827851124,0.0
81222,0.4651202355622938,16.63093573837225,7.735384748253073,0.0
81310,0.40588724438082074,20.528465059874815,8.332242114520549,0.0
81374,0.14167224650621016,21.447654204874887,3.03853735349299,0.0
81549,0.4612596585849118,21.4688765504035,9.902726667840737,0.0
81631,0.5131690979774232,19.660198552002807,10.089006356988321,0.0
81851,0.847915355695628,23.636852141445697,20.042049891038896,0.0
81852,0.4057096741772585,23.345727808604654,9.471587622659957,0.0
82069,0.34055230302250306,22.5443303242451,7.677523612021721,0.0
82264,0.5801271351411078,30.091849609218425,17.45709850489295,0.0
82369,0.6704010697638233,27.960704136897327,18.74488596472573,0.0
82375,0.49950977034432914,20.842586002636587,10.411075347558931,0.0
82376,0.8775147014511907,24.351517173040126,21.368814321983848,0.0
82480,0.40897434774389246,24.491926715566972,10.016569753490216,0.0
82609,0.6651986465252446,16.796711156839695,11.173149527605242,0.0
82655,0.718292005941854,30.47502512093201,21.889966925242646,0.0
82656,0.4213590965277188,22.66884712260036,9.551724942903867,0.0
82721,0.24016119926883564,22.991985131005155,5.521782722633435,0.0
82744,0.8382766963471096,23.71899603333638,19.88308163549542,0.0
82834,0.14964332947958195,21.182840175193903,3.1698707316498664,0.0
82973,0.2519148484668021,22.7046115336867,5.719628774006292,0.0
83239,0.31157470602943,22.620119372867116,7.047857043951686,0.0
83390,0.7860935443583343,13.895319572517044,10.923021012751658,0.0
83483,0.36677221863640214,22.508418587538024,8.255462623348153,0.0
83539,0.240998064600824,18.124847578186483,4.368053187527875,0.0
83614,0.3600767205249654,20.99387512595801,7.559405706465605,0.0
83747,0.5188666348467184,17.585060231844952,9.124301026074244,0.0
83784,0.31772354422328636,21.66650431911876,6.8839585431995545,0.0
84100,0.36322148708651797,23.5019707839196,8.536420777599176,0.0
84202,0.3847118456159291,27.056194884495536,10.408838669358536,0.0
84282,0.3998058712737228,15.504791470797267,6.198906662899487,0.0
84286,0.2680820625044281,23.558865153650085,6.315709160654216,0.0
84471,0.4330876928688824,21.896850841363285,9.483256611980071,0.0
84543,0.34867751583018963,23.163980889975317,8.076759313454579,0.0
84741,0.36467146332943184,22.594395626213103,8.239531316055247,0.0
85197,0.9073887463928765,23.242651306663884,21.090120232000494,0.0
85627,0.44796490014897367,31.896804752148455,14.288648955867492,0.0
85756,0.8086527024895737,16.413587251888245,13.272891688787844,0.0
85920,0.030894787210144294,21.81935354582076,0.6741042848610398,0.0
85972,0.38617991026648735,21.538601280350605,8.317775109711446,0.0
85989,0.38544285723303895,23.04836235185492,8.883826639441365,0.0
86016,0.6777459649632677,15.112585614847758,10.242493920624991,0.0
86077,0.08952547506725737,19.110207974311177,1.7108504475342983,0.0
86309,0.3115363332994097,21.13954238760074,6.585735523060584,0.0
86377,0.21998393441710268,22.685378775593332,4.990418876797256,0.0
86650,0.2397902497429807,16.48624948749148,3.9532418819306696,0.0
86709,0.48368892681374537,23.490766942416275,11.362223852409135,0.0
86718,0.440556511218305,22.754438021855876,10.024615829641974,0.0
86853,0.4204649956314429,19.256413580240444,8.096647851893056,0.0
86870,0.41223323012448465,19.84808446445814,8.182039970567182,0.0
86901,0.7764245345646129,36.76047919556015,28.541737949784928,0.0
86979,0.4748391319834964,21.568125420397642,10.241389953132801,0.0
87061,0.42055189375580704,22.3599960521064,9.403538684085715,0.0
87088,0.09855264860657319,21.2567566555886,2.094909669193659,0.0
87148,0.5778405895743682,22.852613817114374,13.205167841396724,0.0
87324,0.35964290458906073,22.376707827088705,8.047624198074951,0.0
87419,0.6168591947914449,28.1610251658232,17.371387308291315,0.0
87651,0.5725585620482991,20.868545349091878,11.948464317115766,0.0
87669,0.5206378980554675,19.577132041812582,10.192596876203645,0.0
87853,0.1234611072245634,22.026608093523592,2.719429423627952,0.0
87977,0.22556844050206631,23.564605361604794,5.315431282463824,0.0
88321,0.39826637130810666,24.87606513669632,9.907300194416143,0.0
88378,0.31734455906603976,24.277331287195285,7.704278992635159,0.0
88381,0.5563384567626426,22.521966891648326,12.52983630375896,0.0
88406,0.11438913785346835,20.77176306538613,2.3760640687460364,0.0
88500,0.8031544962480152,14.592495597984765,11.720028451000832,0.0
88766,0.4117027278725694,27.997408559833648,11.526609477446337,0.0
88772,0.4133676206785632,21.203479674021064,8.764831942956365,0.0
88838,0.4375882513857853,22.071225803345666,9.658109105226854,0.0
88906,0.180043537223083,21.174228493371682,3.812282995916429,0.0
89324,0.2771645987152704,23.120280956148328,6.408123393395159,0.0
89339,0.40014148892002604,18.819237771613274,7.530357822273328,0.0
89395,0.450944915006253,24.84554030309573,11.203970060263938,0.0
89446,0.11213172568914827,21.107266112242574,2.366794173745839,0.0
89482,0.3465510847037538,22.672020006090385,7.857013125535829,0.0
89550,0.2826994504251519,27.682313547347665,7.825774826331921,0.0
89630,0.24140588537946334,22.01802199116562,5.315280093081832,0.0
89644,0.4510952656587107,21.544251058774066,9.718509654775646,0.0
89688,0.3598591669002985,20.21969509457117,7.276242631710433,0.0
89752,0.27527627408353383,22.0254691227109,6.063089075041777,0.0
89898,0.24911631974268225,25.040283742319097,6.237943331199053,0.0
90442,0.48773108594789877,31.502259489752408,15.364631230749442,0.0
90475,0.7357728078931999,36.44690529022203,26.81664184440418,0.0
90738,0.646848087660495,21.663549405976195,14.013025505194353,0.0
90847,0.12381932190627462,9.599593787328027,1.188615193322643,0.0
91118,0.3699045199214721,23.28526213162365,8.61332371004388,0.0
91176,0.3352867175478754,24.28794260882192,8.143424553303083,0.0
91439,0.6302940380943581,18.133913385822332,11.429697494403293,0.0
91469,0.19257251346823584,23.354982010188888,4.497527587707506,0.0
91521,0.3939124201726443,19.182437968747724,7.556200565081038,0.0
91642,0.6214559771119392,26.195741107124856,16.27949988589967,0.0
91827,0.44323486624640435,22.079187295618766,9.786265627802894,0.0
91858,0.22488111319089832,9.510961481007817,2.138835605364793,0.0
91891,0.4174884218872341,20.248282027242034,8.453423309480922,0.0
92174,0.2916426520909828,24.654690547300216,7.190359337697119,0.0
92249,0.12119885390293521,9.278125770710623,1.124498209777415,0.0
92456,0.4604917906978002,20.032795686057618,9.22493795815584,0.0
92623,0.29259192577258863,22.24022209451506,6.507309412244236,0.0
92839,0.3583672308832912,23.000134003810132,8.242494332890063,0.0
92867,0.28011745227439727,24.961919414127415,6.992269270164187,0.0
92919,0.2738138739538274,22.70743879895454,6.217611785111188,0.0
93159,0.5563225514753262,22.706317788302155,12.63203664659784,0.0
93296,0.1378003602716932,21.316045642376437,2.937358769087329,0.0
93530,0.4195506984762977,24.652630393836496,10.343028301012108,0.0
93536,0.23906983470440166,21.054005322457346,5.03337757230547,0.0
93732,0.4602126816988032,17.773652112374528,8.179660102217479,0.0
93984,0.23055227767799794,13.162401255432329,3.034621589151663,0.0
94042,0.2778914916390661,21.296477884438428,5.918110005964978,0.0
94069,0.2988441126064956,22.008964448905147,6.577249450120968,0.0
94149,0.3849070043114117,22.423618307328077,8.63100774849618,0.0
94198,0.5601333277049697,22.20109494320039,12.435573189228808,0.0
94362,0.44963519829111204,22.10492292962859,9.9391514046733,0.0
94375,0.2492017507464564,21.4282354777507,5.339953796462804,0.0
94486,0.4396885794088386,20.831816430633296,9.159511772890857,0.0
94540,0.2620789173591512,13.660507666624078,3.5801310598452227,0.0
94586,0.106006638066469,9.798002719937974,1.0386533281067436,0.0
94678,0.45599896115245125,17.658462201065042,8.052240419235487,0.0
94713,0.7337658351219757,11.885996655914516,8.721538262484126,0.0
94716,0.3108677889857434,23.50863553646231,7.308077551291714,0.0
95230,0.460878890008549,17.34718623475824,7.994951936646958,0.0
95237,0.3686994765942033,22.932685665024223,8.45526920159382,0.0
95328,0.3966756799458495,21.235725781230347,8.423695963413154,0.0
95499,0.724602199477927,21.00227308223853,15.218293269426102,0.0
95686,0.17060409646252117,16.58644315928891,2.8297151487174492,0.0
95891,0.8315333368581119,23.87681279386657,19.854365816020326,0.0
96044,0.4802691627155697,21.960646094271787,10.547021112388856,0.0
96127,0.13664063998662102,20.95305167046489,2.863038389925061,0.0
96328,0.3823478591153712,20.014477320558804,7.65249255482881,0.0
96383,0.44412952231108965,23.5537497186585,10.460915611182763,0.0
96414,0.6594795644051107,28.78411831403658,18.98253780752601,0.0
96493,0.3839870721178611,21.931828496708494,8.421538610642166,4.949999809265137
96580,0.30465602120527696,22.984826080904227,7.002465661903561,0.0
96588,0.2977880795881182,23.528730750701133,7.006575545397193,0.0
96758,0.7203290308798634,26.78916256747729,19.297011510314032,0.0
96871,0.2864412185746384,24.296433283793213,6.959499956827131,0.0
96879,0.7772060796194834,29.129492832609074,22.639618925735938,0.0
97059,0.5741838760874844,24.629203959066245,14.141691794165874,0.0
97064,0.8587255975102123,14.272019455649858,12.255748434730299,0.0
97197,0.2947696619977476,25.073221240580608,7.390824950280692,0.0
97241,0.21048196227791974,22.05394488851424,4.641957596103575,0.0
97302,0.4644507385527415,21.845052640580512,10.145950832641134,0.0
97362,0.4741174497957084,21.851171216144706,10.360021572047916,0.0
97436,0.13272605081798144,21.431029913938268,2.844455965439051,0.0
97558,0.40019327635970225,24.21346946434167,9.690067676970498,0.0
97559,0.3943760259566225,23.7575146035724,9.369394195963308,0.0
97625,0.35578018155687563,19.503670867759542,6.939019562357036,0.0
97832,0.19953080520266056,16.2390319464925,3.2401871199953765,0.0
97833,0.660257851403992,28.387299209266033,18.74293718307223,0.0
97896,0.3092024980989499,24.62561216019186,7.614300797147201,0.0
97964,0.6022598108827505,30.917045111940347,18.62009374217066,0.0
98001,0.1433959912427574,22.275884160028575,3.194272489936136,0.0
98203,0.10633079252051918,19.729822178343273,2.097887628512156,0.0
98211,0.8470236973905206,38.7763186252193,32.84446077312616,0.0
98277,0.4536529603400205,19.970178231011975,9.059530473016416,0.0
98312,0.2693635181645606,22.177278049319714,5.973749638678442,0.0
98458,0.37786170988790396,21.67157132460343,8.18885699667232,0.0
98529,0.2971375792973231,23.632947669598817,7.022236862204905,0.0
98543,0.8523911064491753,40.547609919224094,34.56242208291698,0.0
98606,0.46671648118795867,22.86728912970245,10.672540716922384,0.0
98678,0.41082119104906534,23.57579631516607,9.68543672212669,0.0
98836,0.3638540541010129,21.280873578704664,7.743132126422823,0.0
98963,0.4156027440691274,23.42266131916405,9.734522317646386,0.0
98989,0.35834670086814974,23.980018915841796,8.593160665247733,0.0
99121,0.474040073391547,18.844647196067722,8.933117939861754,0.0
99223,0.2893744830433851,25.468469771848387,7.369925274134706,0.0
99274,0.6328032038839116,16.29729595100869,10.312981092442598,0.0
99398,0.5330343274107388,30.94412337635646,16.494279991231082,0.0
99646,0.3113853586930515,22.46731844170364,6.9959940118408985,0.0
99652,0.3143717251784691,24.98577448038796,7.854821028319731,0.0
99756,0.3727041531505809,20.86281688049355,7.775658497779993,0.0
99959,0.46855790021918525,21.222758514067586,9.944091166210344,0.0
99963,0.6058447958886826,31.049815123277927,18.811368905743645,0.0
